Workbook
Name ASM_PP: '[1]Pencapaian ASM ALL Q2 '!$C$24:$Q$27
Name ASM_RO: '[1]Pencapaian ASM ALL Q2 '!$C$15:$K$18
Name ASM_SV: '[1]Pencapaian ASM ALL Q2 '!$C$6:$N$9
Name PP_JABAR: #REF!

Sheet Rekap Insentif Sales Copy
B2: PENCAPAIAN AREA JAWA BARAT-1 | P2: Output Insentif dijadikan PDF
B3: NAMA CABANG | C3: SALES VALUE | D3: PRODUCT FOCUS | F3: EFFECTIVE CALL | G3: NEW OPEN OUTLET | H3: ACTIVE OUTLET | I3: ITEM PER OUTLET | J3: PRODUCT DISPLAY | K3: SALES CONTRACT | L3: CO-BRANDING | M3: JOIN EVENT ACTIVITY | N3: TOTAL INSENTIF | P3: NAMA CABANG | Q3: ID | R3: SALESMAN | S3: TYPE SALES | T3: SALES VALUE | V3: PRODUCT FOCUS | Y3: EFFECTIVE CALL | AA3: NEW OPEN OUTLET | AC3: ACTIVE OUTLET | AE3: ITEM PER OUTLET | AG3: PRODUCT DISPLAY | AI3: SALES CONTRACT | AK3: CO-BRANDING | AM3: JOIN EVENT ACTIVITY | AO3: TOTAL | AP3: AR PERFORM | AT3: TOTAL INSENTIF DITERIMA | AU3: SALESMAN | AV3: DRIVER / HELPER
D4: VOLUME | E4: RO | T4: PENCAPAIAN | U4: INSENTIF | V4: VOLUME | W4: RO | X4: INSENTIF | Y4: PENCAPAIAN | Z4: INSENTIF | AA4: PENCAPAIAN | AB4: INSENTIF | AC4: PENCAPAIAN | AD4: INSENTIF | AE4: PENCAPAIAN | AF4: INSENTIF | AG4: PENCAPAIAN | AH4: INSENTIF | AI4: PENCAPAIAN | AJ4: INSENTIF | AK4: PENCAPAIAN | AL4: INSENTIF | AM4: PENCAPAIAN | AN4: INSENTIF | AP4: OVERDUE | AQ4: PENGURANG INSENTIF | AR4: BAD DEBT | AS4: PENGURANG INSENTIF
B5: CABANG BANDUNG | C5: ='Pencapaian Sales Value'!G28 -> 0.88311921 | D5: ='Pencapaian Product Focus'!H28 -> 0.92620649 | E5: ='Pencapaian Product Focus'!L28 -> 0.98741673 | F5: ='Pencapaian Effective Call'!G28 -> 0.93160483 | G5: ='Pencapaian New Open Outlet'!G28 -> 0.27102804 | H5: ='Pencapaian Active Outlet'!G28 -> 0.94270668 | I5: ='Pencapaian Item per Outlet'!G28 -> 0.79537525 | J5: ='Pencapaian Product Display'!G28 -> 0.89090909 | K5: ='Pencapaian Sales Contract'!G28 -> 0 | L5: ='Pencapaian Co-Branding'!G28 -> 0 | M5: ='Pencapaian Join Event Activity'!G28 -> 1 | N5: =AO28 -> 12948500 | P5: BANDUNG | Q5: BDG-SLS-GT-001 | R5: Wawan Kurniawan | S5: 3 Orang | T5: ='Pencapaian Sales Value'!G5 -> 1.0094593 | U5: ='Pencapaian Sales Value'!I5 -> 600000 | V5: ='Pencapaian Product Focus'!H5 -> 0.90859586 | W5: ='Pencapaian Product Focus'!L5 -> 1 | X5: ='Pencapaian Product Focus'!N5 -> 210000 | Y5: ='Pencapaian Effective Call'!G5 -> 1.0814815 | Z5: ='Pencapaian Effective Call'!I5 -> 180000 | AA5: ='Pencapaian New Open Outlet'!G5 -> 0.5 | AB5: ='Pencapaian New Open Outlet'!I5 -> 0 | AC5: ='Pencapaian Active Outlet'!G5 -> 1.0350877 | AD5: ='Pencapaian Active Outlet'!I5 -> 0 | AE5: ='Pencapaian Item per Outlet'!G5 -> 0.90248734 | AF5: ='Pencapaian Item per Outlet'!I5 -> 135000 | AG5: ='Pencapaian Product Display'!G5 -> 0 | AH5: ='Pencapaian Product Display'!I5 -> 0 | AI5: ='Pencapaian Sales Contract'!G5 -> 0 | AJ5: ='Pencapaian Sales Contract'!I5 -> 0 | AK5: ='Pencapaian Co-Branding'!G5 -> 0 | AL5: ='Pencapaian Co-Branding'!I5 -> 0 | AM5: ='Pencapaian Join Event Activity'!G5 -> 0 | AN5: ='Pencapaian Join Event Activity'!I5 -> 0 | AO5: =SUM(AN5,AL5,AJ5,AH5,AF5,AD5,AB5,Z5,X5,U5) -> 1125000 | AP5: 0.059220836 | AQ5: =IF(AP5>=0.5%,-(AO5*10%),0) -> -112500 | AR5: 0 | AS5: =IF(AR5>0,-(AO5+AQ5),0) -> 0 | AT5: =SUM(AS5,AQ5,AO5) -> 1012500 | AU5: =AT5*55% -> 556875 | AV5: =AT5*45% -> 455625
B6: CABANG SUBANG | C6: ='Pencapaian Sales Value'!G34 -> 1.0046479 | D6: ='Pencapaian Product Focus'!H34 -> 1.0950658 | E6: ='Pencapaian Product Focus'!L34 -> 0.96428571 | F6: ='Pencapaian Effective Call'!G34 -> 0.91255814 | G6: ='Pencapaian New Open Outlet'!G34 -> 1.35 | H6: ='Pencapaian Active Outlet'!G34 -> 1.0622318 | N6: =AO34 -> 3933750 | Q6: BDG-SLS-GT-002 | R6: Cucu Yudi | S6: 3 Orang | T6: ='Pencapaian Sales Value'!G6 -> 1.0152433 | U6: ='Pencapaian Sales Value'!I6 -> 600000 | V6: ='Pencapaian Product Focus'!H6 -> 0.94132549 | W6: ='Pencapaian Product Focus'!L6 -> 0.95774648 | X6: ='Pencapaian Product Focus'!N6 -> 180000 | Y6: ='Pencapaian Effective Call'!G6 -> 1.0247593 | Z6: ='Pencapaian Effective Call'!I6 -> 180000 | AA6: ='Pencapaian New Open Outlet'!G6 -> 0 | AB6: ='Pencapaian New Open Outlet'!I6 -> 0 | AC6: ='Pencapaian Active Outlet'!G6 -> 1.0249307 | AD6: ='Pencapaian Active Outlet'!I6 -> 0 | AE6: ='Pencapaian Item per Outlet'!G6 -> 0.95710534 | AF6: ='Pencapaian Item per Outlet'!I6 -> 135000 | AG6: ='Pencapaian Product Display'!G6 -> 0 | AH6: ='Pencapaian Product Display'!I6 -> 0 | AI6: ='Pencapaian Sales Contract'!G6 -> 0 | AJ6: ='Pencapaian Sales Contract'!I6 -> 0 | AK6: ='Pencapaian Co-Branding'!G6 -> 0 | AL6: ='Pencapaian Co-Branding'!I6 -> 0 | AM6: ='Pencapaian Join Event Activity'!G6 -> 0 | AN6: ='Pencapaian Join Event Activity'!I6 -> 0 | AO6: =SUM(AN6,AL6,AJ6,AH6,AF6,AD6,AB6,Z6,X6,U6) -> 1095000 | AP6: 0 | AQ6: =IF(AP6>=0.5%,-(AO6*10%),0) -> 0 | AR6: 0 | AS6: =IF(AR6>0,-(AO6+AQ6),0) -> 0 | AT6: =SUM(AS6,AQ6,AO6) -> 1095000 | AU6: =AT6*55% -> 602250 | AV6: =AT6*45% -> 492750
B7: CABANG PURWAKARTA | C7: ='Pencapaian Sales Value'!G39 -> 0.95821433 | F7: ='Pencapaian Effective Call'!G39 -> 0.91868132 | G7: ='Pencapaian New Open Outlet'!G39 -> 0.14285714 | H7: ='Pencapaian Active Outlet'!G39 -> 1.104918 | N7: =AO39 -> 2602500 | Q7: BDG-SLS-GT-003 | R7: Iwa Setiawan | S7: 3 Orang | T7: ='Pencapaian Sales Value'!G7 -> 0.87141568 | U7: ='Pencapaian Sales Value'!I7 -> 300000 | V7: ='Pencapaian Product Focus'!H7 -> 0.97992095 | W7: ='Pencapaian Product Focus'!L7 -> 1 | X7: ='Pencapaian Product Focus'!N7 -> 210000 | Y7: ='Pencapaian Effective Call'!G7 -> 0.99268293 | Z7: ='Pencapaian Effective Call'!I7 -> 135000 | AA7: ='Pencapaian New Open Outlet'!G7 -> 0.25 | AB7: ='Pencapaian New Open Outlet'!I7 -> 0 | AC7: ='Pencapaian Active Outlet'!G7 -> 1.0163339 | AD7: ='Pencapaian Active Outlet'!I7 -> 0 | AE7: ='Pencapaian Item per Outlet'!G7 -> 0.95521542 | AF7: ='Pencapaian Item per Outlet'!I7 -> 135000 | AG7: ='Pencapaian Product Display'!G7 -> 0 | AH7: ='Pencapaian Product Display'!I7 -> 0 | AI7: ='Pencapaian Sales Contract'!G7 -> 0 | AJ7: ='Pencapaian Sales Contract'!I7 -> 0 | AK7: ='Pencapaian Co-Branding'!G7 -> 0 | AL7: ='Pencapaian Co-Branding'!I7 -> 0 | AM7: ='Pencapaian Join Event Activity'!G7 -> 0 | AN7: ='Pencapaian Join Event Activity'!I7 -> 0 | AO7: =SUM(AN7,AL7,AJ7,AH7,AF7,AD7,AB7,Z7,X7,U7) -> 780000 | AP7: 0 | AQ7: =IF(AP7>=0.5%,-(AO7*10%),0) -> 0 | AR7: 0 | AS7: =IF(AR7>0,-(AO7+AQ7),0) -> 0 | AT7: =SUM(AS7,AQ7,AO7) -> 780000 | AU7: =AT7*55% -> 429000 | AV7: =AT7*45% -> 351000
B8: TOTAL PENCAPAIAN AREA JAWA BARAT-1 | C8: ='Pencapaian Sales Value'!G40 -> 0.89525819 | D8: ='Pencapaian Product Focus'!H40 -> 0.93931294 | E8: ='Pencapaian Product Focus'!L40 -> 0.98344574 | F8: ='Pencapaian Effective Call'!G40 -> 0.92789788 | G8: ='Pencapaian New Open Outlet'!G40 -> 0.37654321 | H8: ='Pencapaian Active Outlet'!G40 -> 0.98463256 | I8: ='Pencapaian Item per Outlet'!G40 -> 0.79537525 | J8: ='Pencapaian Product Display'!G40 -> 0.89090909 | K8: ='Pencapaian Sales Contract'!G40 -> 0 | L8: ='Pencapaian Co-Branding'!G40 -> 0 | M8: ='Pencapaian Join Event Activity'!G40 -> 1 | N8: =SUM(N5:N7) -> 19484750 | Q8: BDG-SLS-GT-004 | R8: Dodhie Setiawan | S8: 3 Orang | T8: ='Pencapaian Sales Value'!G8 -> 0.84705993 | U8: ='Pencapaian Sales Value'!I8 -> 300000 | V8: ='Pencapaian Product Focus'!H8 -> 0.97616312 | W8: ='Pencapaian Product Focus'!L8 -> 0.96491228 | X8: ='Pencapaian Product Focus'!N8 -> 180000 | Y8: ='Pencapaian Effective Call'!G8 -> 1.0870445 | Z8: ='Pencapaian Effective Call'!I8 -> 180000 | AA8: ='Pencapaian New Open Outlet'!G8 -> 0 | AB8: ='Pencapaian New Open Outlet'!I8 -> 0 | AC8: ='Pencapaian Active Outlet'!G8 -> 1.0263158 | AD8: ='Pencapaian Active Outlet'!I8 -> 0 | AE8: ='Pencapaian Item per Outlet'!G8 -> 0.95682096 | AF8: ='Pencapaian Item per Outlet'!I8 -> 135000 | AG8: ='Pencapaian Product Display'!G8 -> 0 | AH8: ='Pencapaian Product Display'!I8 -> 0 | AI8: ='Pencapaian Sales Contract'!G8 -> 0 | AJ8: ='Pencapaian Sales Contract'!I8 -> 0 | AK8: ='Pencapaian Co-Branding'!G8 -> 0 | AL8: ='Pencapaian Co-Branding'!I8 -> 0 | AM8: ='Pencapaian Join Event Activity'!G8 -> 0 | AN8: ='Pencapaian Join Event Activity'!I8 -> 0 | AO8: =SUM(AN8,AL8,AJ8,AH8,AF8,AD8,AB8,Z8,X8,U8) -> 795000 | AP8: 0 | AQ8: =IF(AP8>=0.5%,-(AO8*10%),0) -> 0 | AR8: 0 | AS8: =IF(AR8>0,-(AO8+AQ8),0) -> 0 | AT8: =SUM(AS8,AQ8,AO8) -> 795000 | AU8: =AT8*55% -> 437250 | AV8: =AT8*45% -> 357750
Q9: BDG-SLS-GT-005 | R9: Sopian Kusmayana | S9: 2 Orang | T9: ='Pencapaian Sales Value'!G9 -> 0.81305826 | U9: ='Pencapaian Sales Value'!I9 -> 225000 | V9: ='Pencapaian Product Focus'!H9 -> 0.91225396 | W9: ='Pencapaian Product Focus'!L9 -> 0.90816327 | X9: ='Pencapaian Product Focus'!N9 -> 135000 | Y9: ='Pencapaian Effective Call'!G9 -> 0.94871795 | Z9: ='Pencapaian Effective Call'!I9 -> 101250 | AA9: ='Pencapaian New Open Outlet'!G9 -> 0.2 | AB9: ='Pencapaian New Open Outlet'!I9 -> 0 | AC9: ='Pencapaian Active Outlet'!G9 -> 1.0285255 | AD9: ='Pencapaian Active Outlet'!I9 -> 0 | AE9: ='Pencapaian Item per Outlet'!G9 -> 0.84796709 | AF9: ='Pencapaian Item per Outlet'!I9 -> 67500 | AG9: ='Pencapaian Product Display'!G9 -> 0 | AH9: ='Pencapaian Product Display'!I9 -> 0 | AI9: ='Pencapaian Sales Contract'!G9 -> 0 | AJ9: ='Pencapaian Sales Contract'!I9 -> 0 | AK9: ='Pencapaian Co-Branding'!G9 -> 0 | AL9: ='Pencapaian Co-Branding'!I9 -> 0 | AM9: ='Pencapaian Join Event Activity'!G9 -> 0 | AN9: ='Pencapaian Join Event Activity'!I9 -> 0 | AO9: =SUM(AN9,AL9,AJ9,AH9,AF9,AD9,AB9,Z9,X9,U9) -> 528750 | AP9: 0 | AQ9: =IF(AP9>=0.5%,-(AO9*10%),0) -> 0 | AR9: 0 | AS9: =IF(AR9>0,-(AO9+AQ9),0) -> 0 | AT9: =SUM(AS9,AQ9,AO9) -> 528750 | AU9: =AT9*70% -> 370125 | AV9: =AT9*30% -> 158625
B10: PENCAPAIAN AREA JAWA BARAT-2 | Q10: BDG-SLS-GT-006 | R10: Tri Aris Rusdiaman | S10: 2 Orang | T10: ='Pencapaian Sales Value'!G10 -> 0.82316348 | U10: ='Pencapaian Sales Value'!I10 -> 225000 | V10: ='Pencapaian Product Focus'!H10 -> 0.9632391 | W10: ='Pencapaian Product Focus'!L10 -> 0.95 | X10: ='Pencapaian Product Focus'!N10 -> 135000 | Y10: ='Pencapaian Effective Call'!G10 -> 0.87948718 | Z10: ='Pencapaian Effective Call'!I10 -> 67500 | AA10: ='Pencapaian New Open Outlet'!G10 -> 0 | AB10: ='Pencapaian New Open Outlet'!I10 -> 0 | AC10: ='Pencapaian Active Outlet'!G10 -> 1.0688259 | AD10: ='Pencapaian Active Outlet'!I10 -> 0 | AE10: ='Pencapaian Item per Outlet'!G10 -> 0.77174067 | AF10: ='Pencapaian Item per Outlet'!I10 -> 33750 | AG10: ='Pencapaian Product Display'!G10 -> 0 | AH10: ='Pencapaian Product Display'!I10 -> 0 | AI10: ='Pencapaian Sales Contract'!G10 -> 0 | AJ10: ='Pencapaian Sales Contract'!I10 -> 0 | AK10: ='Pencapaian Co-Branding'!G10 -> 0 | AL10: ='Pencapaian Co-Branding'!I10 -> 0 | AM10: ='Pencapaian Join Event Activity'!G10 -> 0 | AN10: ='Pencapaian Join Event Activity'!I10 -> 0 | AO10: =SUM(AN10,AL10,AJ10,AH10,AF10,AD10,AB10,Z10,X10,U10) -> 461250 | AP10: 0 | AQ10: =IF(AP10>=0.5%,-(AO10*10%),0) -> 0 | AR10: 0 | AS10: =IF(AR10>0,-(AO10+AQ10),0) -> 0 | AT10: =SUM(AS10,AQ10,AO10) -> 461250 | AU10: =AT10*70% -> 322875 | AV10: =AT10*30% -> 138375
B11: NAMA CABANG | C11: SALES VALUE | D11: PRODUCT FOCUS | F11: EFFECTIVE CALL | G11: NEW OPEN OUTLET | H11: ACTIVE OUTLET | I11: ITEM PER OUTLET | J11: PRODUCT DISPLAY | K11: SALES CONTRACT | L11: CO-BRANDING | M11: JOIN EVENT ACTIVITY | N11: TOTAL INSENTIF | Q11: BDG-SLS-GT-014 | R11: Agus Saeful | S11: MTC | T11: ='Pencapaian Sales Value'!G11 -> 1.0045631 | U11: ='Pencapaian Sales Value'!I11 -> 525000 | V11: ='Pencapaian Product Focus'!H11 -> 0 | W11: ='Pencapaian Product Focus'!L11 -> 0 | X11: ='Pencapaian Product Focus'!N11 -> 0 | Y11: ='Pencapaian Effective Call'!G11 -> 0 | Z11: ='Pencapaian Effective Call'!I11 -> 0 | AA11: ='Pencapaian New Open Outlet'!G11 -> 1.1 | AB11: ='Pencapaian New Open Outlet'!I11 -> 150000 | AC11: ='Pencapaian Active Outlet'!G11 -> 0.93333333 | AD11: ='Pencapaian Active Outlet'!I11 -> 75000 | AE11: ='Pencapaian Item per Outlet'!G11 -> 0 | AF11: ='Pencapaian Item per Outlet'!I11 -> 0 | AG11: ='Pencapaian Product Display'!G11 -> 0 | AH11: ='Pencapaian Product Display'!I11 -> 0 | AI11: ='Pencapaian Sales Contract'!G11 -> 0 | AJ11: ='Pencapaian Sales Contract'!I11 -> 0 | AK11: ='Pencapaian Co-Branding'!G11 -> 0 | AL11: ='Pencapaian Co-Branding'!I11 -> 0 | AM11: ='Pencapaian Join Event Activity'!G11 -> 0 | AN11: ='Pencapaian Join Event Activity'!I11 -> 0 | AO11: =SUM(AN11,AL11,AJ11,AH11,AF11,AD11,AB11,Z11,X11,U11) -> 750000 | AP11: 0 | AQ11: =IF(AP11>=0.5%,-(AO11*10%),0) -> 0 | AR11: 0 | AS11: =IF(AR11>0,-(AO11+AQ11),0) -> 0 | AT11: =SUM(AS11,AQ11,AO11) -> 750000 | AU11: =AT11*70% -> 525000 | AV11: =AT11*30% -> 225000
D12: VOLUME | E12: RO | Q12: BDG-SLS-GT-017 | R12: Deni Romansyah | S12: MTC | T12: ='Pencapaian Sales Value'!G12 -> 0 | U12: ='Pencapaian Sales Value'!I12 -> 0 | V12: ='Pencapaian Product Focus'!H12 -> 0 | W12: ='Pencapaian Product Focus'!L12 -> 0 | X12: ='Pencapaian Product Focus'!N12 -> 0 | Y12: ='Pencapaian Effective Call'!G12 -> 0 | Z12: ='Pencapaian Effective Call'!I12 -> 0 | AA12: ='Pencapaian New Open Outlet'!G12 -> 0 | AB12: ='Pencapaian New Open Outlet'!I12 -> 0 | AC12: ='Pencapaian Active Outlet'!G12 -> 0 | AD12: ='Pencapaian Active Outlet'!I12 -> 0 | AE12: ='Pencapaian Item per Outlet'!G12 -> 0 | AF12: ='Pencapaian Item per Outlet'!I12 -> 0 | AG12: ='Pencapaian Product Display'!G12 -> 0 | AH12: ='Pencapaian Product Display'!I12 -> 0 | AI12: ='Pencapaian Sales Contract'!G12 -> 0 | AJ12: ='Pencapaian Sales Contract'!I12 -> 0 | AK12: ='Pencapaian Co-Branding'!G12 -> 0 | AL12: ='Pencapaian Co-Branding'!I12 -> 0 | AM12: ='Pencapaian Join Event Activity'!G12 -> 0 | AN12: ='Pencapaian Join Event Activity'!I12 -> 0 | AO12: =SUM(AN12,AL12,AJ12,AH12,AF12,AD12,AB12,Z12,X12,U12) -> 0 | AP12: 0 | AQ12: =IF(AP12>=0.5%,-(AO12*10%),0) -> 0 | AR12: 0 | AS12: =IF(AR12>0,-(AO12+AQ12),0) -> 0 | AT12: =SUM(AS12,AQ12,AO12) -> 0 | AU12: =AT12*70% -> 0 | AV12: =AT12*30% -> 0
B13: CABANG GARUT | C13: ='Pencapaian Sales Value'!G64 -> 0.8607358 | D13: ='Pencapaian Product Focus'!H64 -> 0.75020833 | E13: ='Pencapaian Product Focus'!L64 -> 0.63037975 | F13: ='Pencapaian Effective Call'!G64 -> 0.99223529 | G13: ='Pencapaian New Open Outlet'!G64 -> 0.1941568 | H13: ='Pencapaian Active Outlet'!G64 -> 1.0290044 | I13: ='Pencapaian Item per Outlet'!G64 -> 0.54872827 | K13: ='Pencapaian Sales Contract'!G64 -> 0 | L13: ='Pencapaian Co-Branding'!G64 -> 0 | N13: =AO64 -> 4901500 | R13: ARIFIN SUFJAN | S13: SPV | T13: ='Pencapaian Sales Value'!G13 -> 0.91075133 | U13: ='Pencapaian Sales Value'!I13 -> 336000 | V13: ='Pencapaian Product Focus'!H13 -> 0.94234394 | W13: ='Pencapaian Product Focus'!L13 -> 0.96509863 | X13: ='Pencapaian Product Focus'!N13 -> 168000 | Y13: ='Pencapaian Effective Call'!G13 -> 1.0118604 | Z13: ='Pencapaian Effective Call'!I13 -> 0 | AA13: ='Pencapaian New Open Outlet'!G13 -> 0.33333333 | AB13: ='Pencapaian New Open Outlet'!I13 -> 0 | AC13: ='Pencapaian Active Outlet'!G13 -> 0.95386273 | AD13: ='Pencapaian Active Outlet'!I13 -> 168000 | AE13: ='Pencapaian Item per Outlet'!G13 -> 0.90679954 | AF13: ='Pencapaian Item per Outlet'!I13 -> 168000 | AG13: ='Pencapaian Product Display'!G13 -> 0 | AH13: ='Pencapaian Product Display'!I13 -> 0 | AI13: ='Pencapaian Sales Contract'!G13 -> 0 | AJ13: ='Pencapaian Sales Contract'!I13 -> 0 | AK13: ='Pencapaian Co-Branding'!G13 -> 0 | AL13: ='Pencapaian Co-Branding'!I13 -> 0 | AM13: ='Pencapaian Join Event Activity'!G13 -> 0 | AN13: ='Pencapaian Join Event Activity'!I13 -> 0 | AO13: =SUM(AN13,AL13,AJ13,AH13,AF13,AD13,AB13,Z13,X13,U13) -> 840000 | AP13: 0.015494819 | AQ13: =IF(AP13>=0.5%,-(AO13*10%),0) -> -84000 | AR13: 0 | AS13: =IF(AR13>0,-(AO13+AQ13),0) -> 0 | AT13: =SUM(AS13,AQ13,AO13) -> 756000 | AU13: =AT13 -> 756000 | AV13: 0
B14: CABANG TASIK | C14: ='Pencapaian Sales Value'!G71 -> 0.73837176 | D14: ='Pencapaian Product Focus'!H71 -> 0.70340278 | E14: ='Pencapaian Product Focus'!L71 -> 0.868 | F14: ='Pencapaian Effective Call'!G71 -> 0.65741935 | G14: ='Pencapaian New Open Outlet'!G71 -> 0.088407758 | H14: ='Pencapaian Active Outlet'!G71 -> 0.85245902 | I14: ='Pencapaian Item per Outlet'!G71 -> 0.50909091 | N14: =AO71 -> 1137750 | Q14: BDG-SLS-GT-007 | R14: Candra Irawan | S14: 3 Orang | T14: ='Pencapaian Sales Value'!G14 -> 0.91236266 | U14: ='Pencapaian Sales Value'!I14 -> 450000 | V14: ='Pencapaian Product Focus'!H14 -> 0.92679012 | W14: ='Pencapaian Product Focus'!L14 -> 0.98979592 | X14: ='Pencapaian Product Focus'!N14 -> 180000 | Y14: ='Pencapaian Effective Call'!G14 -> 0.99038462 | Z14: ='Pencapaian Effective Call'!I14 -> 135000 | AA14: ='Pencapaian New Open Outlet'!G14 -> 1.2 | AB14: ='Pencapaian New Open Outlet'!I14 -> 0 | AC14: ='Pencapaian Active Outlet'!G14 -> 0.98873239 | AD14: ='Pencapaian Active Outlet'!I14 -> 0 | AE14: ='Pencapaian Item per Outlet'!G14 -> 0.82783883 | AF14: ='Pencapaian Item per Outlet'!I14 -> 90000 | AG14: ='Pencapaian Product Display'!G14 -> 0 | AH14: ='Pencapaian Product Display'!I14 -> 0 | AI14: ='Pencapaian Sales Contract'!G14 -> 0 | AJ14: ='Pencapaian Sales Contract'!I14 -> 0 | AK14: ='Pencapaian Co-Branding'!G14 -> 0 | AL14: ='Pencapaian Co-Branding'!I14 -> 0 | AM14: ='Pencapaian Join Event Activity'!G14 -> 0 | AN14: ='Pencapaian Join Event Activity'!I14 -> 0 | AO14: =SUM(AN14,AL14,AJ14,AH14,AF14,AD14,AB14,Z14,X14,U14) -> 855000 | AP14: 0 | AQ14: =IF(AP14>=0.5%,-(AO14*10%),0) -> 0 | AR14: 0 | AS14: =IF(AR14>0,-(AO14+AQ14),0) -> 0 | AT14: =SUM(AS14,AQ14,AO14) -> 855000 | AU14: =AT14*55% -> 470250 | AV14: =AT14*45% -> 384750
B15: CABANG CIREBON | C15: ='Pencapaian Sales Value'!G76 -> 0.55375184 | F15: ='Pencapaian Effective Call'!G76 -> 0.51111111 | G15: ='Pencapaian New Open Outlet'!G76 -> 0.54166667 | H15: ='Pencapaian Active Outlet'!G76 -> 0.52763488 | N15: =AO76 -> 90000 | Q15: BDG-SLS-GT-008 | R15: Diki Andriana | S15: 3 Orang | T15: ='Pencapaian Sales Value'!G15 -> 0.80077877 | U15: ='Pencapaian Sales Value'!I15 -> 300000 | V15: ='Pencapaian Product Focus'!H15 -> 0.87667287 | W15: ='Pencapaian Product Focus'!L15 -> 1.0082645 | X15: ='Pencapaian Product Focus'!N15 -> 180000 | Y15: ='Pencapaian Effective Call'!G15 -> 0.83846154 | Z15: ='Pencapaian Effective Call'!I15 -> 90000 | AA15: ='Pencapaian New Open Outlet'!G15 -> 0 | AB15: ='Pencapaian New Open Outlet'!I15 -> 0 | AC15: ='Pencapaian Active Outlet'!G15 -> 1.0108696 | AD15: ='Pencapaian Active Outlet'!I15 -> 0 | AE15: ='Pencapaian Item per Outlet'!G15 -> 0.84946237 | AF15: ='Pencapaian Item per Outlet'!I15 -> 90000 | AG15: ='Pencapaian Product Display'!G15 -> 0 | AH15: ='Pencapaian Product Display'!I15 -> 0 | AI15: ='Pencapaian Sales Contract'!G15 -> 0 | AJ15: ='Pencapaian Sales Contract'!I15 -> 0 | AK15: ='Pencapaian Co-Branding'!G15 -> 0 | AL15: ='Pencapaian Co-Branding'!I15 -> 0 | AM15: ='Pencapaian Join Event Activity'!G15 -> 0 | AN15: ='Pencapaian Join Event Activity'!I15 -> 0 | AO15: =SUM(AN15,AL15,AJ15,AH15,AF15,AD15,AB15,Z15,X15,U15) -> 660000 | AP15: 0 | AQ15: =IF(AP15>=0.5%,-(AO15*10%),0) -> 0 | AR15: 0 | AS15: =IF(AR15>0,-(AO15+AQ15),0) -> 0 | AT15: =SUM(AS15,AQ15,AO15) -> 660000 | AU15: =AT15*55% -> 363000 | AV15: =AT15*45% -> 297000
B16: TOTAL PENCAPAIAN AREA JAWA BARAT-2 | C16: ='Pencapaian Sales Value'!G77 -> 0.82895215 | D16: ='Pencapaian Product Focus'!H77 -> 0.72680556 | E16: ='Pencapaian Product Focus'!L77 -> 0.72248062 | F16: ='Pencapaian Effective Call'!G77 -> 0.85014925 | G16: ='Pencapaian New Open Outlet'!G77 -> 0.2211776 | H16: ='Pencapaian Active Outlet'!G77 -> 0.89526293 | I16: ='Pencapaian Item per Outlet'!G77 -> 0.53551582 | K16: ='Pencapaian Sales Contract'!G77 -> 0 | L16: ='Pencapaian Co-Branding'!G77 -> 0 | N16: =SUM(N13:N15) -> 6129250 | Q16: BDG-SLS-GT-009 | R16: Kusada | S16: 3 Orang | T16: ='Pencapaian Sales Value'!G16 -> 0.89594636 | U16: ='Pencapaian Sales Value'!I16 -> 300000 | V16: ='Pencapaian Product Focus'!H16 -> 0.9138724 | W16: ='Pencapaian Product Focus'!L16 -> 0.936 | X16: ='Pencapaian Product Focus'!N16 -> 180000 | Y16: ='Pencapaian Effective Call'!G16 -> 0.86769231 | Z16: ='Pencapaian Effective Call'!I16 -> 90000 | AA16: ='Pencapaian New Open Outlet'!G16 -> 0.4 | AB16: ='Pencapaian New Open Outlet'!I16 -> 0 | AC16: ='Pencapaian Active Outlet'!G16 -> 0.87917738 | AD16: ='Pencapaian Active Outlet'!I16 -> 0 | AE16: ='Pencapaian Item per Outlet'!G16 -> 0.85982906 | AF16: ='Pencapaian Item per Outlet'!I16 -> 90000 | AG16: ='Pencapaian Product Display'!G16 -> 0 | AH16: ='Pencapaian Product Display'!I16 -> 0 | AI16: ='Pencapaian Sales Contract'!G16 -> 0 | AJ16: ='Pencapaian Sales Contract'!I16 -> 0 | AK16: ='Pencapaian Co-Branding'!G16 -> 0 | AL16: ='Pencapaian Co-Branding'!I16 -> 0 | AM16: ='Pencapaian Join Event Activity'!G16 -> 0 | AN16: ='Pencapaian Join Event Activity'!I16 -> 0 | AO16: =SUM(AN16,AL16,AJ16,AH16,AF16,AD16,AB16,Z16,X16,U16) -> 660000 | AP16: 0 | AQ16: =IF(AP16>=0.5%,-(AO16*10%),0) -> 0 | AR16: 0 | AS16: =IF(AR16>0,-(AO16+AQ16),0) -> 0 | AT16: =SUM(AS16,AQ16,AO16) -> 660000 | AU16: =AT16*55% -> 363000 | AV16: =AT16*45% -> 297000
Q17: BDG-SLS-GT-010 | R17: Peri Perdiansyah | S17: 3 Orang | T17: ='Pencapaian Sales Value'!G17 -> 0.91370605 | U17: ='Pencapaian Sales Value'!I17 -> 450000 | V17: ='Pencapaian Product Focus'!H17 -> 0.8351845 | W17: ='Pencapaian Product Focus'!L17 -> 1.029703 | X17: ='Pencapaian Product Focus'!N17 -> 180000 | Y17: ='Pencapaian Effective Call'!G17 -> 0.80769231 | Z17: ='Pencapaian Effective Call'!I17 -> 90000 | AA17: ='Pencapaian New Open Outlet'!G17 -> 0.2 | AB17: ='Pencapaian New Open Outlet'!I17 -> 0 | AC17: ='Pencapaian Active Outlet'!G17 -> 0.96 | AD17: ='Pencapaian Active Outlet'!I17 -> 0 | AE17: ='Pencapaian Item per Outlet'!G17 -> 1.0134771 | AF17: ='Pencapaian Item per Outlet'!I17 -> 180000 | AG17: ='Pencapaian Product Display'!G17 -> 0 | AH17: ='Pencapaian Product Display'!I17 -> 0 | AI17: ='Pencapaian Sales Contract'!G17 -> 0 | AJ17: ='Pencapaian Sales Contract'!I17 -> 0 | AK17: ='Pencapaian Co-Branding'!G17 -> 0 | AL17: ='Pencapaian Co-Branding'!I17 -> 0 | AM17: ='Pencapaian Join Event Activity'!G17 -> 0 | AN17: ='Pencapaian Join Event Activity'!I17 -> 0 | AO17: =SUM(AN17,AL17,AJ17,AH17,AF17,AD17,AB17,Z17,X17,U17) -> 900000 | AP17: 0 | AQ17: =IF(AP17>=0.5%,-(AO17*10%),0) -> 0 | AR17: 0 | AS17: =IF(AR17>0,-(AO17+AQ17),0) -> 0 | AT17: =SUM(AS17,AQ17,AO17) -> 900000 | AU17: =AT17*55% -> 495000 | AV17: =AT17*45% -> 405000
B18: PENCAPAIAN AREA JAWA BARAT-3 | Q18: BDG-SLS-GT-011 | R18: Ricat Batubara | S18: 3 Orang | T18: ='Pencapaian Sales Value'!G18 -> 0.84735592 | U18: ='Pencapaian Sales Value'!I18 -> 300000 | V18: ='Pencapaian Product Focus'!H18 -> 0.88937203 | W18: ='Pencapaian Product Focus'!L18 -> 1.0428571 | X18: ='Pencapaian Product Focus'!N18 -> 180000 | Y18: ='Pencapaian Effective Call'!G18 -> 0.78461538 | Z18: ='Pencapaian Effective Call'!I18 -> 45000 | AA18: ='Pencapaian New Open Outlet'!G18 -> 0.2 | AB18: ='Pencapaian New Open Outlet'!I18 -> 0 | AC18: ='Pencapaian Active Outlet'!G18 -> 0.87460815 | AD18: ='Pencapaian Active Outlet'!I18 -> 0 | AE18: ='Pencapaian Item per Outlet'!G18 -> 0.84792627 | AF18: ='Pencapaian Item per Outlet'!I18 -> 90000 | AG18: ='Pencapaian Product Display'!G18 -> 0 | AH18: ='Pencapaian Product Display'!I18 -> 0 | AI18: ='Pencapaian Sales Contract'!G18 -> 0 | AJ18: ='Pencapaian Sales Contract'!I18 -> 0 | AK18: ='Pencapaian Co-Branding'!G18 -> 0 | AL18: ='Pencapaian Co-Branding'!I18 -> 0 | AM18: ='Pencapaian Join Event Activity'!G18 -> 0 | AN18: ='Pencapaian Join Event Activity'!I18 -> 0 | AO18: =SUM(AN18,AL18,AJ18,AH18,AF18,AD18,AB18,Z18,X18,U18) -> 615000 | AP18: 0 | AQ18: =IF(AP18>=0.5%,-(AO18*10%),0) -> 0 | AR18: 0 | AS18: =IF(AR18>0,-(AO18+AQ18),0) -> 0 | AT18: =SUM(AS18,AQ18,AO18) -> 615000 | AU18: =AT18*55% -> 338250 | AV18: =AT18*45% -> 276750
B19: NAMA CABANG | C19: SALES VALUE | D19: PRODUCT FOCUS | F19: EFFECTIVE CALL | G19: NEW OPEN OUTLET | H19: ACTIVE OUTLET | I19: ITEM PER OUTLET | J19: PRODUCT DISPLAY | K19: SALES CONTRACT | L19: CO-BRANDING | M19: JOIN EVENT ACTIVITY | N19: TOTAL INSENTIF | Q19: BDG-SLS-GT-012 | R19: Jajang Faryana | S19: 2 Orang | T19: ='Pencapaian Sales Value'!G19 -> 0.80125671 | U19: ='Pencapaian Sales Value'!I19 -> 225000 | V19: ='Pencapaian Product Focus'!H19 -> 1.1469697 | W19: ='Pencapaian Product Focus'!L19 -> 1.0384615 | X19: ='Pencapaian Product Focus'!N19 -> 202500 | Y19: ='Pencapaian Effective Call'!G19 -> 0.732 | Z19: ='Pencapaian Effective Call'!I19 -> 33750 | AA19: ='Pencapaian New Open Outlet'!G19 -> 0 | AB19: ='Pencapaian New Open Outlet'!I19 -> 0 | AC19: ='Pencapaian Active Outlet'!G19 -> 0.92222222 | AD19: ='Pencapaian Active Outlet'!I19 -> 0 | AE19: ='Pencapaian Item per Outlet'!G19 -> 0.72289157 | AF19: ='Pencapaian Item per Outlet'!I19 -> 33750 | AG19: ='Pencapaian Product Display'!G19 -> 0 | AH19: ='Pencapaian Product Display'!I19 -> 0 | AI19: ='Pencapaian Sales Contract'!G19 -> 0 | AJ19: ='Pencapaian Sales Contract'!I19 -> 0 | AK19: ='Pencapaian Co-Branding'!G19 -> 0 | AL19: ='Pencapaian Co-Branding'!I19 -> 0 | AM19: ='Pencapaian Join Event Activity'!G19 -> 0 | AN19: ='Pencapaian Join Event Activity'!I19 -> 0 | AO19: =SUM(AN19,AL19,AJ19,AH19,AF19,AD19,AB19,Z19,X19,U19) -> 495000 | AP19: 0.002133449 | AQ19: =IF(AP19>=0.5%,-(AO19*10%),0) -> 0 | AR19: 0.002133449 | AS19: =IF(AR19>0,-(AO19+AQ19),0) -> -495000 | AT19: =SUM(AS19,AQ19,AO19) -> 0 | AU19: =AT19*70% -> 0 | AV19: =AT19*30% -> 0
D20: VOLUME | E20: RO | R20: Ende Taryana | S20: 3 Orang | T20: ='Pencapaian Sales Value'!G20 -> 0.8877964 | U20: ='Pencapaian Sales Value'!I20 -> 300000 | V20: ='Pencapaian Product Focus'!H20 -> 0.99045507 | W20: ='Pencapaian Product Focus'!L20 -> 1.0873016 | X20: ='Pencapaian Product Focus'!N20 -> 210000 | Y20: ='Pencapaian Effective Call'!G20 -> 0.97538462 | Z20: ='Pencapaian Effective Call'!I20 -> 135000 | AA20: ='Pencapaian New Open Outlet'!G20 -> 0 | AB20: ='Pencapaian New Open Outlet'!I20 -> 0 | AC20: ='Pencapaian Active Outlet'!G20 -> 1.0632911 | AD20: ='Pencapaian Active Outlet'!I20 -> 0 | AE20: ='Pencapaian Item per Outlet'!G20 -> 0.95892857 | AF20: ='Pencapaian Item per Outlet'!I20 -> 135000 | AG20: ='Pencapaian Product Display'!G20 -> 0 | AH20: ='Pencapaian Product Display'!I20 -> 0 | AI20: ='Pencapaian Sales Contract'!G20 -> 0 | AJ20: ='Pencapaian Sales Contract'!I20 -> 0 | AK20: ='Pencapaian Co-Branding'!G20 -> 0 | AL20: ='Pencapaian Co-Branding'!I20 -> 0 | AM20: ='Pencapaian Join Event Activity'!G20 -> 0 | AN20: ='Pencapaian Join Event Activity'!I20 -> 0 | AO20: =SUM(AN20,AL20,AJ20,AH20,AF20,AD20,AB20,Z20,X20,U20) -> 780000 | AP20: 0 | AQ20: =IF(AP20>=0.5%,-(AO20*10%),0) -> 0 | AR20: 0 | AS20: =IF(AR20>0,-(AO20+AQ20),0) -> 0 | AT20: =SUM(AS20,AQ20,AO20) -> 780000 | AU20: =AT20*55% -> 429000 | AV20: =AT20*45% -> 351000
B21: CABANG SUKABUMI | C21: ='Pencapaian Sales Value'!G90 -> 0.65077411 | F21: ='Pencapaian Effective Call'!G90 -> 0.768 | G21: ='Pencapaian New Open Outlet'!G90 -> 2.25 | H21: ='Pencapaian Active Outlet'!G90 -> 1.0430769 | N21: =AO90 -> 1648500 | R21: ENDY AFRIANA NUGRAHA | S21: SPV | T21: ='Pencapaian Sales Value'!G21 -> 0.87325468 | U21: ='Pencapaian Sales Value'!I21 -> 216000 | V21: ='Pencapaian Product Focus'!H21 -> 0.9114619 | W21: ='Pencapaian Product Focus'!L21 -> 1.0149925 | X21: ='Pencapaian Product Focus'!N21 -> 204000 | Y21: ='Pencapaian Effective Call'!G21 -> 0.87052342 | Z21: ='Pencapaian Effective Call'!I21 -> 0 | AA21: ='Pencapaian New Open Outlet'!G21 -> 0.28571429 | AB21: ='Pencapaian New Open Outlet'!I21 -> 0 | AC21: ='Pencapaian Active Outlet'!G21 -> 0.96034696 | AD21: ='Pencapaian Active Outlet'!I21 -> 168000 | AE21: ='Pencapaian Item per Outlet'!G21 -> 0.8792399 | AF21: ='Pencapaian Item per Outlet'!I21 -> 108000 | AG21: ='Pencapaian Product Display'!G21 -> 0 | AH21: ='Pencapaian Product Display'!I21 -> 0 | AI21: ='Pencapaian Sales Contract'!G21 -> 0 | AJ21: ='Pencapaian Sales Contract'!I21 -> 0 | AK21: ='Pencapaian Co-Branding'!G21 -> 0 | AL21: ='Pencapaian Co-Branding'!I21 -> 0 | AM21: ='Pencapaian Join Event Activity'!G21 -> 0 | AN21: ='Pencapaian Join Event Activity'!I21 -> 0 | AO21: =SUM(AN21,AL21,AJ21,AH21,AF21,AD21,AB21,Z21,X21,U21) -> 696000 | AP21: 0.00011348463 | AQ21: =IF(AP21>=0.5%,-(AO21*10%),0) -> 0 | AR21: 0.00011348463 | AS21: =IF(AR21>0,-(AO21+AQ21),0) -> -696000 | AT21: =SUM(AS21,AQ21,AO21) -> 0 | AU21: =AT21 -> 0 | AV21: 0
B22: CABANG BOGOR | C22: ='Pencapaian Sales Value'!G94 -> 0.75324508 | F22: ='Pencapaian Effective Call'!G94 -> 0.61013986 | G22: ='Pencapaian New Open Outlet'!G94 -> 0.3 | H22: ='Pencapaian Active Outlet'!G94 -> 0.68924303 | N22: =AO94 -> 435000 | Q22: BDG-SLS-HRC-001 | R22: Gita Rosita | S22: AE | T22: ='Pencapaian Sales Value'!G22 -> 0.6407313 | U22: ='Pencapaian Sales Value'!I22 -> 0 | V22: ='Pencapaian Product Focus'!H22 -> 0 | W22: ='Pencapaian Product Focus'!L22 -> 0 | X22: ='Pencapaian Product Focus'!N22 -> 0 | Y22: ='Pencapaian Effective Call'!G22 -> 0 | Z22: ='Pencapaian Effective Call'!I22 -> 0 | AA22: ='Pencapaian New Open Outlet'!G22 -> 0.2 | AB22: ='Pencapaian New Open Outlet'!I22 -> 0 | AC22: ='Pencapaian Active Outlet'!G22 -> 0.4 | AD22: ='Pencapaian Active Outlet'!I22 -> 0 | AE22: ='Pencapaian Item per Outlet'!G22 -> 0 | AF22: ='Pencapaian Item per Outlet'!I22 -> 0 | AG22: ='Pencapaian Product Display'!G22 -> 0 | AH22: ='Pencapaian Product Display'!I22 -> 0 | AI22: ='Pencapaian Sales Contract'!G22 -> 0 | AJ22: ='Pencapaian Sales Contract'!I22 -> 0 | AK22: ='Pencapaian Co-Branding'!G22 -> 0 | AL22: ='Pencapaian Co-Branding'!I22 -> 0 | AM22: ='Pencapaian Join Event Activity'!G22 -> 0 | AN22: ='Pencapaian Join Event Activity'!I22 -> 0 | AO22: =SUM(AN22,AL22,AJ22,AH22,AF22,AD22,AB22,Z22,X22,U22) -> 0 | AP22: 0.0049192365 | AQ22: =IF(AP22>=0.5%,-(AO22*10%),0) -> 0 | AR22: 0 | AS22: =IF(AR22>0,-(AO22+AQ22),0) -> 0 | AT22: =SUM(AS22,AQ22,AO22) -> 0 | AU22: =AT22 -> 0 | AV22: 0
B23: TOTAL PENCAPAIAN AREA JAWA BARAT-3 | C23: ='Pencapaian Sales Value'!G95 -> 0.71673365 | F23: ='Pencapaian Effective Call'!G95 -> 0.69969743 | G23: ='Pencapaian New Open Outlet'!G95 -> 1.275 | H23: ='Pencapaian Active Outlet'!G95 -> 0.88888889 | N23: =SUM(N21:N22) -> 2083500 | Q23: BDG-SLS-HRC-002 | R23: Dina Apriani | S23: AE | T23: ='Pencapaian Sales Value'!G23 -> 0.87744112 | U23: ='Pencapaian Sales Value'!I23 -> 130000 | V23: ='Pencapaian Product Focus'!H23 -> 0 | W23: ='Pencapaian Product Focus'!L23 -> 0 | X23: ='Pencapaian Product Focus'!N23 -> 0 | Y23: ='Pencapaian Effective Call'!G23 -> 0 | Z23: ='Pencapaian Effective Call'!I23 -> 0 | AA23: ='Pencapaian New Open Outlet'!G23 -> 0.2 | AB23: ='Pencapaian New Open Outlet'!I23 -> 0 | AC23: ='Pencapaian Active Outlet'!G23 -> 0.90909091 | AD23: ='Pencapaian Active Outlet'!I23 -> 98000 | AE23: ='Pencapaian Item per Outlet'!G23 -> 0 | AF23: ='Pencapaian Item per Outlet'!I23 -> 0 | AG23: ='Pencapaian Product Display'!G23 -> 0 | AH23: ='Pencapaian Product Display'!I23 -> 0 | AI23: ='Pencapaian Sales Contract'!G23 -> 0 | AJ23: ='Pencapaian Sales Contract'!I23 -> 0 | AK23: ='Pencapaian Co-Branding'!G23 -> 0 | AL23: ='Pencapaian Co-Branding'!I23 -> 0 | AM23: ='Pencapaian Join Event Activity'!G23 -> 0 | AN23: ='Pencapaian Join Event Activity'!I23 -> 0 | AO23: =SUM(AN23,AL23,AJ23,AH23,AF23,AD23,AB23,Z23,X23,U23) -> 228000 | AP23: 0.029823281 | AQ23: =IF(AP23>=0.5%,-(AO23*10%),0) -> -22800 | AR23: 0 | AS23: =IF(AR23>0,-(AO23+AQ23),0) -> 0 | AT23: =SUM(AS23,AQ23,AO23) -> 205200 | AU23: =AT23 -> 205200 | AV23: 0
R24: USDEK RIYANTO | S24: SPV | T24: ='Pencapaian Sales Value'!G24 -> 0.74853023 | U24: ='Pencapaian Sales Value'!I24 -> 110000 | V24: ='Pencapaian Product Focus'!H24 -> 0 | W24: ='Pencapaian Product Focus'!L24 -> 0 | X24: ='Pencapaian Product Focus'!N24 -> 0 | Y24: ='Pencapaian Effective Call'!G24 -> 0 | Z24: ='Pencapaian Effective Call'!I24 -> 0 | AA24: ='Pencapaian New Open Outlet'!G24 -> 0.2 | AB24: ='Pencapaian New Open Outlet'!I24 -> 0 | AC24: ='Pencapaian Active Outlet'!G24 -> 0.69473684 | AD24: ='Pencapaian Active Outlet'!I24 -> 0 | AE24: ='Pencapaian Item per Outlet'!G24 -> 0 | AF24: ='Pencapaian Item per Outlet'!I24 -> 0 | AG24: ='Pencapaian Product Display'!G24 -> 0 | AH24: ='Pencapaian Product Display'!I24 -> 0 | AI24: ='Pencapaian Sales Contract'!G24 -> 0 | AJ24: ='Pencapaian Sales Contract'!I24 -> 0 | AK24: ='Pencapaian Co-Branding'!G24 -> 0 | AL24: ='Pencapaian Co-Branding'!I24 -> 0 | AM24: ='Pencapaian Join Event Activity'!G24 -> 1 | AN24: ='Pencapaian Join Event Activity'!I24 -> 50000 | AO24: =SUM(AN24,AL24,AJ24,AH24,AF24,AD24,AB24,Z24,X24,U24) -> 160000 | AP24: 0.018218764 | AQ24: =IF(AP24>=0.5%,-(AO24*10%),0) -> -16000 | AR24: 0 | AS24: =IF(AR24>0,-(AO24+AQ24),0) -> 0 | AT24: =SUM(AS24,AQ24,AO24) -> 144000 | AU24: =AT24 -> 144000 | AV24: 0
B25: PENCAPAIAN AREA JAWA TENGAH | Q25: BDG-SLS-MT-001 | R25: Dian Fitriani | S25: KAE | T25: ='Pencapaian Sales Value'!G25 -> 0.61852159 | U25: ='Pencapaian Sales Value'!I25 -> 0 | V25: ='Pencapaian Product Focus'!H25 -> 0.87777778 | W25: ='Pencapaian Product Focus'!L25 -> 0.73333333 | X25: ='Pencapaian Product Focus'!N25 -> 48500 | Y25: ='Pencapaian Effective Call'!G25 -> 0.78666667 | Z25: ='Pencapaian Effective Call'!I25 -> 16000 | AA25: ='Pencapaian New Open Outlet'!G25 -> 0.2 | AB25: ='Pencapaian New Open Outlet'!I25 -> 0 | AC25: ='Pencapaian Active Outlet'!G25 -> #DIV/0! | AD25: ='Pencapaian Active Outlet'!I25 -> 0 | AE25: ='Pencapaian Item per Outlet'!G25 -> 0.59166667 | AF25: ='Pencapaian Item per Outlet'!I25 -> 0 | AG25: ='Pencapaian Product Display'!G25 -> 0.86666667 | AH25: ='Pencapaian Product Display'!I25 -> 0 | AI25: ='Pencapaian Sales Contract'!G25 -> 0 | AJ25: ='Pencapaian Sales Contract'!I25 -> 0 | AK25: ='Pencapaian Co-Branding'!G25 -> 0 | AL25: ='Pencapaian Co-Branding'!I25 -> 0 | AM25: ='Pencapaian Join Event Activity'!G25 -> 0 | AN25: ='Pencapaian Join Event Activity'!I25 -> 0 | AO25: =SUM(AN25,AL25,AJ25,AH25,AF25,AD25,AB25,Z25,X25,U25) -> 64500 | AP25: 0.41022691 | AQ25: =IF(AP25>=0.5%,-(AO25*10%),0) -> -6450 | AR25: 0 | AS25: =IF(AR25>0,-(AO25+AQ25),0) -> 0 | AT25: =SUM(AS25,AQ25,AO25) -> 58050 | AU25: =AT25 -> 58050 | AV25: 0
B26: NAMA CABANG | C26: SALES VALUE | D26: PRODUCT FOCUS | F26: EFFECTIVE CALL | G26: NEW OPEN OUTLET | H26: ACTIVE OUTLET | I26: ITEM PER OUTLET | J26: PRODUCT DISPLAY | K26: SALES CONTRACT | L26: CO-BRANDING | M26: JOIN EVENT ACTIVITY | N26: TOTAL INSENTIF | Q26: BDG-SLS-MT-002 | R26: Dinda Dewi Maharani | S26: KAE | T26: ='Pencapaian Sales Value'!G26 -> 0.80266516 | U26: ='Pencapaian Sales Value'!I26 -> 162500 | V26: ='Pencapaian Product Focus'!H26 -> 0.4 | W26: ='Pencapaian Product Focus'!L26 -> 1 | X26: ='Pencapaian Product Focus'!N26 -> 65000 | Y26: ='Pencapaian Effective Call'!G26 -> 0.85454545 | Z26: ='Pencapaian Effective Call'!I26 -> 32500 | AA26: ='Pencapaian New Open Outlet'!G26 -> 0 | AB26: ='Pencapaian New Open Outlet'!I26 -> 0 | AC26: ='Pencapaian Active Outlet'!G26 -> #DIV/0! | AD26: ='Pencapaian Active Outlet'!I26 -> 0 | AE26: ='Pencapaian Item per Outlet'!G26 -> 0.56321839 | AF26: ='Pencapaian Item per Outlet'!I26 -> 0 | AG26: ='Pencapaian Product Display'!G26 -> 0.92 | AH26: ='Pencapaian Product Display'!I26 -> 0 | AI26: ='Pencapaian Sales Contract'!G26 -> 0 | AJ26: ='Pencapaian Sales Contract'!I26 -> 0 | AK26: ='Pencapaian Co-Branding'!G26 -> 0 | AL26: ='Pencapaian Co-Branding'!I26 -> 0 | AM26: ='Pencapaian Join Event Activity'!G26 -> 0 | AN26: ='Pencapaian Join Event Activity'!I26 -> 0 | AO26: =SUM(AN26,AL26,AJ26,AH26,AF26,AD26,AB26,Z26,X26,U26) -> 260000 | AP26: 0.26249418 | AQ26: =IF(AP26>=0.5%,-(AO26*10%),0) -> -26000 | AR26: 0.009128434 | AS26: =IF(AR26>0,-(AO26+AQ26),0) -> -234000 | AT26: =SUM(AS26,AQ26,AO26) -> 0 | AU26: =AT26 -> 0 | AV26: 0
D27: VOLUME | E27: RO | R27: CATUR ATOT RISTADIN | S27: SPV | T27: ='Pencapaian Sales Value'!G27 -> 0.70172623 | U27: ='Pencapaian Sales Value'!I27 -> 120000 | V27: ='Pencapaian Product Focus'!H27 -> 0.68666667 | W27: ='Pencapaian Product Focus'!L27 -> 0.84 | X27: ='Pencapaian Product Focus'!N27 -> 0 | Y27: ='Pencapaian Effective Call'!G27 -> 0.81538462 | Z27: ='Pencapaian Effective Call'!I27 -> 40000 | AA27: ='Pencapaian New Open Outlet'!G27 -> 0.1 | AB27: ='Pencapaian New Open Outlet'!I27 -> 0 | AC27: ='Pencapaian Active Outlet'!G27 -> #DIV/0! | AD27: ='Pencapaian Active Outlet'!I27 -> 0 | AE27: ='Pencapaian Item per Outlet'!G27 -> 0.57744253 | AF27: ='Pencapaian Item per Outlet'!I27 -> 0 | AG27: ='Pencapaian Product Display'!G27 -> 0.89090909 | AH27: ='Pencapaian Product Display'!I27 -> 40000 | AI27: ='Pencapaian Sales Contract'!G27 -> 0 | AJ27: ='Pencapaian Sales Contract'!I27 -> 0 | AK27: ='Pencapaian Co-Branding'!G27 -> 0 | AL27: ='Pencapaian Co-Branding'!I27 -> 0 | AM27: ='Pencapaian Join Event Activity'!G27 -> 0 | AN27: ='Pencapaian Join Event Activity'!I27 -> 0 | AO27: =SUM(AN27,AL27,AJ27,AH27,AF27,AD27,AB27,Z27,X27,U27) -> 200000 | AP27: 0.32255815 | AQ27: =IF(AP27>=0.5%,-(AO27*10%),0) -> -20000 | AR27: 0.0045580746 | AS27: =IF(AR27>0,-(AO27+AQ27),0) -> -180000 | AT27: =SUM(AS27,AQ27,AO27) -> 0 | AU27: =AT27 -> 0 | AV27: 0
B28: CABANG TEGAL | C28: ='Pencapaian Sales Value'!G109 -> 0.74106037 | D28: ='Pencapaian Product Focus'!H109 -> 0.98861111 | E28: ='Pencapaian Product Focus'!L109 -> 0.564 | F28: ='Pencapaian Effective Call'!G109 -> 0.84285714 | G28: ='Pencapaian New Open Outlet'!G109 -> 0.46153846 | H28: ='Pencapaian Active Outlet'!G109 -> 0.825 | N28: =AO109 -> 829500 | R28: TOTAL CABANG BANDUNG | T28: ='Pencapaian Sales Value'!G28 -> 0.88311921 | U28: ='Pencapaian Sales Value'!I28 -> 6174500 | V28: ='Pencapaian Product Focus'!H28 -> 0.92620649 | W28: ='Pencapaian Product Focus'!L28 -> 0.98741673 | X28: ='Pencapaian Product Focus'!N28 -> 2848000 | Y28: ='Pencapaian Effective Call'!G28 -> 0.93160483 | Z28: ='Pencapaian Effective Call'!I28 -> 1551000 | AA28: ='Pencapaian New Open Outlet'!G28 -> 0.27102804 | AB28: ='Pencapaian New Open Outlet'!I28 -> 150000 | AC28: ='Pencapaian Active Outlet'!G28 -> 0.94270668 | AD28: ='Pencapaian Active Outlet'!I28 -> 509000 | AE28: ='Pencapaian Item per Outlet'!G28 -> 0.79537525 | AF28: ='Pencapaian Item per Outlet'!I28 -> 1626000 | AG28: ='Pencapaian Product Display'!G28 -> 0.89090909 | AH28: ='Pencapaian Product Display'!I28 -> 40000 | AI28: ='Pencapaian Sales Contract'!G28 -> 0 | AJ28: ='Pencapaian Sales Contract'!I28 -> 0 | AK28: ='Pencapaian Co-Branding'!G28 -> 0 | AL28: ='Pencapaian Co-Branding'!I28 -> 0 | AM28: ='Pencapaian Join Event Activity'!G28 -> 1 | AN28: ='Pencapaian Join Event Activity'!I28 -> 50000 | AO28: =SUM(AN28,AL28,AJ28,AH28,AF28,AD28,AB28,Z28,X28,U28) -> 12948500 | AP28: 0.010519746 | AQ28: =SUM(AQ5:AQ27) -> -287750 | AR28: 9.6859241e-05 | AS28: =SUM(AS5:AS27) -> -1605000 | AT28: =SUM(AS28,AQ28,AO28) -> 11055750 | AU28: =SUM(AU5:AU27) -> 6865125 | AV28: =SUM(AV5:AV27) -> 4190625
B29: CABANG WANGON | C29: ='Pencapaian Sales Value'!G115 -> 0.75907664 | D29: ='Pencapaian Product Focus'!H115 -> 0.74888889 | E29: ='Pencapaian Product Focus'!L115 -> 0.68421053 | F29: ='Pencapaian Effective Call'!G115 -> 0.88468468 | G29: ='Pencapaian New Open Outlet'!G115 -> 0.40625 | H29: ='Pencapaian Active Outlet'!G115 -> 0.80508475 | N29: =AO115 -> 1033500 | P29: SUBANG | Q29: SBG-SLS-GT-001 | R29: Mansyur | S29: 3 Orang | T29: ='Pencapaian Sales Value'!G29 -> 1.0094697 | U29: ='Pencapaian Sales Value'!I29 -> 600000 | V29: ='Pencapaian Product Focus'!H29 -> 1.1028 | W29: ='Pencapaian Product Focus'!L29 -> 0.96428571 | X29: ='Pencapaian Product Focus'!N29 -> 240000 | Y29: ='Pencapaian Effective Call'!G29 -> 1.0875 | Z29: ='Pencapaian Effective Call'!I29 -> 180000 | AA29: ='Pencapaian New Open Outlet'!G29 -> 1.3333333 | AB29: ='Pencapaian New Open Outlet'!I29 -> 225000 | AC29: ='Pencapaian Active Outlet'!G29 -> 1.0584416 | AD29: ='Pencapaian Active Outlet'!I29 -> 0 | AE29: ='Pencapaian Item per Outlet'!G29 -> 0 | AF29: ='Pencapaian Item per Outlet'!I29 -> 0 | AG29: ='Pencapaian Product Display'!G29 -> 0 | AH29: ='Pencapaian Product Display'!I29 -> 0 | AI29: ='Pencapaian Sales Contract'!G29 -> 0 | AJ29: ='Pencapaian Sales Contract'!I29 -> 0 | AK29: ='Pencapaian Co-Branding'!G29 -> 0 | AL29: ='Pencapaian Co-Branding'!I29 -> 0 | AM29: ='Pencapaian Join Event Activity'!G29 -> 0 | AN29: ='Pencapaian Join Event Activity'!I29 -> 0 | AO29: =SUM(AN29,AL29,AJ29,AH29,AF29,AD29,AB29,Z29,X29,U29) -> 1245000 | AP29: 0 | AQ29: =IF(AP29>=0.5%,-(AO29*10%),0) -> 0 | AR29: 0 | AS29: =IF(AR29>0,-(AO29+AQ29),0) -> 0 | AT29: =SUM(AS29,AQ29,AO29) -> 1245000 | AU29: =AT29*55% -> 684750 | AV29: =AT29*45% -> 560250
B30: CABANG WONOSOBO - KEBUMEN | C30: ='Pencapaian Sales Value'!G128 -> 0.78995614 | D30: ='Pencapaian Product Focus'!H128 -> 1.091954 | E30: ='Pencapaian Product Focus'!L128 -> 0.54333333 | F30: ='Pencapaian Effective Call'!G133 -> 0.69444444 | G30: ='Pencapaian New Open Outlet'!G128 -> 0.275 | H30: ='Pencapaian Active Outlet'!G133 -> 0.80454545 | N30: =AO128 -> 1043250 | Q30: SBG-SLS-GT-002 | R30: Sujiarto | S30: 2 Orang | T30: ='Pencapaian Sales Value'!G30 -> 1.0317739 | U30: ='Pencapaian Sales Value'!I30 -> 450000 | V30: ='Pencapaian Product Focus'!H30 -> 1.0909091 | W30: ='Pencapaian Product Focus'!L30 -> 0.93333333 | X30: ='Pencapaian Product Focus'!N30 -> 157500 | Y30: ='Pencapaian Effective Call'!G30 -> 0.91466667 | Z30: ='Pencapaian Effective Call'!I30 -> 101250 | AA30: ='Pencapaian New Open Outlet'!G30 -> 2 | AB30: ='Pencapaian New Open Outlet'!I30 -> 168750 | AC30: ='Pencapaian Active Outlet'!G30 -> 1.009434 | AD30: ='Pencapaian Active Outlet'!I30 -> 0 | AE30: ='Pencapaian Item per Outlet'!G30 -> 0 | AF30: ='Pencapaian Item per Outlet'!I30 -> 0 | AG30: ='Pencapaian Product Display'!G30 -> 0 | AH30: ='Pencapaian Product Display'!I30 -> 0 | AI30: ='Pencapaian Sales Contract'!G30 -> 0 | AJ30: ='Pencapaian Sales Contract'!I30 -> 0 | AK30: ='Pencapaian Co-Branding'!G30 -> 0 | AL30: ='Pencapaian Co-Branding'!I30 -> 0 | AM30: ='Pencapaian Join Event Activity'!G30 -> 0 | AN30: ='Pencapaian Join Event Activity'!I30 -> 0 | AO30: =SUM(AN30,AL30,AJ30,AH30,AF30,AD30,AB30,Z30,X30,U30) -> 877500 | AP30: 0 | AQ30: =IF(AP30>=0.5%,-(AO30*10%),0) -> 0 | AR30: 0 | AS30: =IF(AR30>0,-(AO30+AQ30),0) -> 0 | AT30: =SUM(AS30,AQ30,AO30) -> 877500 | AU30: =AT30*70% -> 614250 | AV30: =AT30*30% -> 263250
B31: CABANG SEMARANG | C31: ='Pencapaian Sales Value'!G133 -> 0.32588611 | F31: ='Pencapaian Effective Call'!G133 -> 0.69444444 | G31: ='Pencapaian New Open Outlet'!G133 -> 0.69230769 | H31: ='Pencapaian Active Outlet'!G133 -> 0.80454545 | N31: =AO133 -> 468000 | R31: (Vacant) | T31: ='Pencapaian Sales Value'!G31 -> 0 | U31: ='Pencapaian Sales Value'!I31 -> 0 | V31: ='Pencapaian Product Focus'!H31 -> 0 | W31: ='Pencapaian Product Focus'!L31 -> 0 | X31: ='Pencapaian Product Focus'!N31 -> 0 | Y31: ='Pencapaian Effective Call'!G31 -> 0 | Z31: ='Pencapaian Effective Call'!I31 -> 0 | AA31: ='Pencapaian New Open Outlet'!G31 -> 0 | AB31: ='Pencapaian New Open Outlet'!I31 -> 0 | AC31: ='Pencapaian Active Outlet'!G31 -> #DIV/0! | AD31: ='Pencapaian Active Outlet'!I31 -> 0 | AE31: ='Pencapaian Item per Outlet'!G31 -> 0 | AF31: ='Pencapaian Item per Outlet'!I31 -> 0 | AG31: ='Pencapaian Product Display'!G31 -> 0 | AH31: ='Pencapaian Product Display'!I31 -> 0 | AI31: ='Pencapaian Sales Contract'!G31 -> 0 | AJ31: ='Pencapaian Sales Contract'!I31 -> 0 | AK31: ='Pencapaian Co-Branding'!G31 -> 0 | AL31: ='Pencapaian Co-Branding'!I31 -> 0 | AM31: ='Pencapaian Join Event Activity'!G31 -> 0 | AN31: ='Pencapaian Join Event Activity'!I31 -> 0 | AO31: =SUM(AN31,AL31,AJ31,AH31,AF31,AD31,AB31,Z31,X31,U31) -> 0 | AP31: 0 | AQ31: =IF(AP31>=0.5%,-(AO31*10%),0) -> 0 | AR31: 0 | AS31: =IF(AR31>0,-(AO31+AQ31),0) -> 0 | AT31: =SUM(AS31,AQ31,AO31) -> 0
B32: CABANG SOLO | C32: ='Pencapaian Sales Value'!G146 -> 0.25089459 | H32: ='Pencapaian Active Outlet'!G146 -> 0.421875 | N32: =AO146 -> 198000 | Q32: SBG-SLS-GT-003 | R32: Agus Geri Gustiana | S32: 2 Orang | T32: ='Pencapaian Sales Value'!G32 -> 0.85903128 | U32: ='Pencapaian Sales Value'!I32 -> 225000 | V32: ='Pencapaian Product Focus'!H32 -> 0.92 | W32: ='Pencapaian Product Focus'!L32 -> 1.02 | X32: ='Pencapaian Product Focus'!N32 -> 157500 | Y32: ='Pencapaian Effective Call'!G32 -> 0.67666667 | Z32: ='Pencapaian Effective Call'!I32 -> 0 | AA32: ='Pencapaian New Open Outlet'!G32 -> 1.2666667 | AB32: ='Pencapaian New Open Outlet'!I32 -> 168750 | AC32: ='Pencapaian Active Outlet'!G32 -> 1.18 | AD32: ='Pencapaian Active Outlet'!I32 -> 0 | AE32: ='Pencapaian Item per Outlet'!G32 -> 0 | AF32: ='Pencapaian Item per Outlet'!I32 -> 0 | AG32: ='Pencapaian Product Display'!G32 -> 0 | AH32: ='Pencapaian Product Display'!I32 -> 0 | AI32: ='Pencapaian Sales Contract'!G32 -> 0 | AJ32: ='Pencapaian Sales Contract'!I32 -> 0 | AK32: ='Pencapaian Co-Branding'!G32 -> 0 | AL32: ='Pencapaian Co-Branding'!I32 -> 0 | AM32: ='Pencapaian Join Event Activity'!G32 -> 0 | AN32: ='Pencapaian Join Event Activity'!I32 -> 0 | AO32: =SUM(AN32,AL32,AJ32,AH32,AF32,AD32,AB32,Z32,X32,U32) -> 551250 | AP32: 0 | AQ32: =IF(AP32>=0.5%,-(AO32*10%),0) -> 0 | AR32: 0 | AS32: =IF(AR32>0,-(AO32+AQ32),0) -> 0 | AT32: =SUM(AS32,AQ32,AO32) -> 551250 | AU32: =AT32*70% -> 385875 | AV32: =AT32*30% -> 165375
B33: TOTAL PENCAPAIAN AREA JAWA TENGAH | C33: ='Pencapaian Sales Value'!G147 -> 0.70096802 | D33: ='Pencapaian Product Focus'!H147 -> 0.98188202 | E33: ='Pencapaian Product Focus'!L147 -> 0.59760479 | F33: ='Pencapaian Effective Call'!G147 -> 0.80128617 | G33: ='Pencapaian New Open Outlet'!G147 -> 0.43548387 | H33: ='Pencapaian Active Outlet'!G147 -> 0.71034483 | N33: =SUM(N28:N32) -> 3572250 | R33: ANWAR SIDIK | S33: SPV | T33: ='Pencapaian Sales Value'!G33 -> 1.0046479 | U33: ='Pencapaian Sales Value'!I33 -> 480000 | V33: ='Pencapaian Product Focus'!H33 -> 1.0950658 | W33: ='Pencapaian Product Focus'!L33 -> 0.96428571 | X33: ='Pencapaian Product Focus'!N33 -> 204000 | Y33: ='Pencapaian Effective Call'!G33 -> 0.91255814 | Z33: ='Pencapaian Effective Call'!I33 -> 0 | AA33: ='Pencapaian New Open Outlet'!G33 -> 1.35 | AB33: ='Pencapaian New Open Outlet'!I33 -> 336000 | AC33: ='Pencapaian Active Outlet'!G33 -> 1.0622318 | AD33: ='Pencapaian Active Outlet'!I33 -> 240000 | AE33: ='Pencapaian Item per Outlet'!G33 -> 0 | AF33: ='Pencapaian Item per Outlet'!I33 -> 0 | AG33: ='Pencapaian Product Display'!G33 -> 0 | AH33: ='Pencapaian Product Display'!I33 -> 0 | AI33: ='Pencapaian Sales Contract'!G33 -> 0 | AJ33: ='Pencapaian Sales Contract'!I33 -> 0 | AK33: ='Pencapaian Co-Branding'!G33 -> 0 | AL33: ='Pencapaian Co-Branding'!I33 -> 0 | AM33: ='Pencapaian Join Event Activity'!G33 -> 0 | AN33: ='Pencapaian Join Event Activity'!I33 -> 0 | AO33: =SUM(AN33,AL33,AJ33,AH33,AF33,AD33,AB33,Z33,X33,U33) -> 1260000 | AP33: 0 | AQ33: =IF(AP33>=0.5%,-(AO33*10%),0) -> 0 | AR33: 0 | AS33: =IF(AR33>0,-(AO33+AQ33),0) -> 0 | AT33: =SUM(AS33,AQ33,AO33) -> 1260000 | AU33: =AT33 -> 1260000 | AV33: 0
R34: TOTAL CABANG SUBANG | T34: ='Pencapaian Sales Value'!G34 -> 1.0046479 | U34: ='Pencapaian Sales Value'!I34 -> 1755000 | V34: ='Pencapaian Product Focus'!H34 -> 1.0950658 | W34: ='Pencapaian Product Focus'!L34 -> 0.96428571 | X34: ='Pencapaian Product Focus'!N34 -> 759000 | Y34: ='Pencapaian Effective Call'!G34 -> 0.91255814 | Z34: ='Pencapaian Effective Call'!I34 -> 281250 | AA34: ='Pencapaian New Open Outlet'!G34 -> 1.35 | AB34: ='Pencapaian New Open Outlet'!I34 -> 898500 | AC34: ='Pencapaian Active Outlet'!G34 -> 1.0622318 | AD34: ='Pencapaian Active Outlet'!I34 -> 240000 | AE34: ='Pencapaian Item per Outlet'!G34 -> 0 | AF34: ='Pencapaian Item per Outlet'!I34 -> 0 | AG34: ='Pencapaian Product Display'!G34 -> 0 | AH34: ='Pencapaian Product Display'!I34 -> 0 | AI34: ='Pencapaian Sales Contract'!G34 -> 0 | AJ34: ='Pencapaian Sales Contract'!I34 -> 0 | AK34: ='Pencapaian Co-Branding'!G34 -> 0 | AL34: ='Pencapaian Co-Branding'!I34 -> 0 | AM34: ='Pencapaian Join Event Activity'!G34 -> 0 | AN34: ='Pencapaian Join Event Activity'!I34 -> 0 | AO34: =SUM(AN34,AL34,AJ34,AH34,AF34,AD34,AB34,Z34,X34,U34) -> 3933750 | AP34: 0 | AQ34: =SUM(AQ29:AQ33) -> 0 | AR34: 0 | AS34: =SUM(AS29:AS33) -> 0 | AT34: =SUM(AS34,AQ34,AO34) -> 3933750 | AU34: =SUM(AU29:AU33) -> 2944875 | AV34: =SUM(AV29:AV33) -> 988875
B35: PENCAPAIAN AREA JAWA TIMUR | P35: PURWAKARTA | Q35: PWK-SLS-GT-001 | R35: Dede Supriadi | S35: 3 Orang | T35: ='Pencapaian Sales Value'!G35 -> 0.96998172 | U35: ='Pencapaian Sales Value'!I35 -> 450000 | V35: ='Pencapaian Product Focus'!H35 -> 0 | W35: ='Pencapaian Product Focus'!L35 -> 0 | X35: ='Pencapaian Product Focus'!N35 -> 0 | Y35: ='Pencapaian Effective Call'!G35 -> 0.97666667 | Z35: ='Pencapaian Effective Call'!I35 -> 180000 | AA35: ='Pencapaian New Open Outlet'!G35 -> 0 | AB35: ='Pencapaian New Open Outlet'!I35 -> 0 | AC35: ='Pencapaian Active Outlet'!G35 -> 1.0666667 | AD35: ='Pencapaian Active Outlet'!I35 -> 120000 | AE35: ='Pencapaian Item per Outlet'!G35 -> 0 | AF35: ='Pencapaian Item per Outlet'!I35 -> 0 | AG35: ='Pencapaian Product Display'!G35 -> 0 | AH35: ='Pencapaian Product Display'!I35 -> 0 | AI35: ='Pencapaian Sales Contract'!G35 -> 0 | AJ35: ='Pencapaian Sales Contract'!I35 -> 0 | AK35: ='Pencapaian Co-Branding'!G35 -> 0 | AL35: ='Pencapaian Co-Branding'!I35 -> 0 | AM35: ='Pencapaian Join Event Activity'!G35 -> 0 | AN35: ='Pencapaian Join Event Activity'!I35 -> 0 | AO35: =SUM(AN35,AL35,AJ35,AH35,AF35,AD35,AB35,Z35,X35,U35) -> 750000 | AP35: 0 | AQ35: =IF(AP35>=0.5%,-(AO35*10%),0) -> 0 | AR35: 0 | AS35: =IF(AR35>0,-(AO35+AQ35),0) -> 0 | AT35: =SUM(AS35,AQ35,AO35) -> 750000 | AU35: =AT35*55% -> 412500 | AV35: =AT35*45% -> 337500
B36: NAMA CABANG | C36: SALES VALUE | D36: PRODUCT FOCUS | F36: EFFECTIVE CALL | G36: NEW OPEN OUTLET | H36: ACTIVE OUTLET | I36: ITEM PER OUTLET | J36: PRODUCT DISPLAY | K36: SALES CONTRACT | L36: CO-BRANDING | M36: JOIN EVENT ACTIVITY | N36: TOTAL INSENTIF | Q36: PWK-SLS-GT-002 | R36: Yayan Nurjaman | S36: 2 Orang | T36: ='Pencapaian Sales Value'!G36 -> 0.99833741 | U36: ='Pencapaian Sales Value'!I36 -> 337500 | V36: ='Pencapaian Product Focus'!H36 -> 0 | W36: ='Pencapaian Product Focus'!L36 -> 0 | X36: ='Pencapaian Product Focus'!N36 -> 0 | Y36: ='Pencapaian Effective Call'!G36 -> 1.0285714 | Z36: ='Pencapaian Effective Call'!I36 -> 180000 | AA36: ='Pencapaian New Open Outlet'!G36 -> 0.2 | AB36: ='Pencapaian New Open Outlet'!I36 -> 0 | AC36: ='Pencapaian Active Outlet'!G36 -> 1.1363636 | AD36: ='Pencapaian Active Outlet'!I36 -> 112500 | AE36: ='Pencapaian Item per Outlet'!G36 -> 0 | AF36: ='Pencapaian Item per Outlet'!I36 -> 0 | AG36: ='Pencapaian Product Display'!G36 -> 0 | AH36: ='Pencapaian Product Display'!I36 -> 0 | AI36: ='Pencapaian Sales Contract'!G36 -> 0 | AJ36: ='Pencapaian Sales Contract'!I36 -> 0 | AK36: ='Pencapaian Co-Branding'!G36 -> 0 | AL36: ='Pencapaian Co-Branding'!I36 -> 0 | AM36: ='Pencapaian Join Event Activity'!G36 -> 0 | AN36: ='Pencapaian Join Event Activity'!I36 -> 0 | AO36: =SUM(AN36,AL36,AJ36,AH36,AF36,AD36,AB36,Z36,X36,U36) -> 630000 | AP36: 0 | AQ36: =IF(AP36>=0.5%,-(AO36*10%),0) -> 0 | AR36: 0 | AS36: =IF(AR36>0,-(AO36+AQ36),0) -> 0 | AT36: =SUM(AS36,AQ36,AO36) -> 630000 | AU36: =AT36*70% -> 441000 | AV36: =AT36*30% -> 189000
D37: VOLUME | E37: RO | Q37: PWK-SLS-GT-003 | R37: Acep Hendra | S37: 2 Orang | T37: ='Pencapaian Sales Value'!G37 -> 0.80220533 | U37: ='Pencapaian Sales Value'!I37 -> 225000 | V37: ='Pencapaian Product Focus'!H37 -> 0 | W37: ='Pencapaian Product Focus'!L37 -> 0 | X37: ='Pencapaian Product Focus'!N37 -> 0 | Y37: ='Pencapaian Effective Call'!G37 -> 0.70384615 | Z37: ='Pencapaian Effective Call'!I37 -> 45000 | AA37: ='Pencapaian New Open Outlet'!G37 -> 0.2 | AB37: ='Pencapaian New Open Outlet'!I37 -> 0 | AC37: ='Pencapaian Active Outlet'!G37 -> 1.1111111 | AD37: ='Pencapaian Active Outlet'!I37 -> 112500 | AE37: ='Pencapaian Item per Outlet'!G37 -> 0 | AF37: ='Pencapaian Item per Outlet'!I37 -> 0 | AG37: ='Pencapaian Product Display'!G37 -> 0 | AH37: ='Pencapaian Product Display'!I37 -> 0 | AI37: ='Pencapaian Sales Contract'!G37 -> 0 | AJ37: ='Pencapaian Sales Contract'!I37 -> 0 | AK37: ='Pencapaian Co-Branding'!G37 -> 0 | AL37: ='Pencapaian Co-Branding'!I37 -> 0 | AM37: ='Pencapaian Join Event Activity'!G37 -> 0 | AN37: ='Pencapaian Join Event Activity'!I37 -> 0 | AO37: =SUM(AN37,AL37,AJ37,AH37,AF37,AD37,AB37,Z37,X37,U37) -> 382500 | AP37: 0 | AQ37: =IF(AP37>=0.5%,-(AO37*10%),0) -> 0 | AR37: 0 | AS37: =IF(AR37>0,-(AO37+AQ37),0) -> 0 | AT37: =SUM(AS37,AQ37,AO37) -> 382500 | AU37: =AT37*70% -> 267750 | AV37: =AT37*30% -> 114750
B38: CABANG BANYUWANGI | C38: ='Pencapaian Sales Value'!G165 -> 0.99046015 | H38: ='Pencapaian Active Outlet'!G165 -> 1.1282051 | N38: =AO165 -> 2969000 | R38: ENDANG KUSBINI | S38: SPV | T38: ='Pencapaian Sales Value'!G38 -> 0.95821433 | U38: ='Pencapaian Sales Value'!I38 -> 336000 | V38: ='Pencapaian Product Focus'!H38 -> 0 | W38: ='Pencapaian Product Focus'!L38 -> 0 | X38: ='Pencapaian Product Focus'!N38 -> 0 | Y38: ='Pencapaian Effective Call'!G38 -> 0.91868132 | Z38: ='Pencapaian Effective Call'!I38 -> 168000 | AA38: ='Pencapaian New Open Outlet'!G38 -> 0.14285714 | AB38: ='Pencapaian New Open Outlet'!I38 -> 0 | AC38: ='Pencapaian Active Outlet'!G38 -> 1.104918 | AD38: ='Pencapaian Active Outlet'!I38 -> 336000 | AE38: ='Pencapaian Item per Outlet'!G38 -> 0 | AF38: ='Pencapaian Item per Outlet'!I38 -> 0 | AG38: ='Pencapaian Product Display'!G38 -> 0 | AH38: ='Pencapaian Product Display'!I38 -> 0 | AI38: ='Pencapaian Sales Contract'!G38 -> 0 | AJ38: ='Pencapaian Sales Contract'!I38 -> 0 | AK38: ='Pencapaian Co-Branding'!G38 -> 0 | AL38: ='Pencapaian Co-Branding'!I38 -> 0 | AM38: ='Pencapaian Join Event Activity'!G38 -> 0 | AN38: ='Pencapaian Join Event Activity'!I38 -> 0 | AO38: =SUM(AN38,AL38,AJ38,AH38,AF38,AD38,AB38,Z38,X38,U38) -> 840000 | AP38: 0 | AQ38: =IF(AP38>=0.5%,-(AO38*10%),0) -> 0 | AR38: 0 | AS38: =IF(AR38>0,-(AO38+AQ38),0) -> 0 | AT38: =SUM(AS38,AQ38,AO38) -> 840000 | AU38: =AT38 -> 840000 | AV38: 0
B39: CABANG JEMBER - SITUBONDO | C39: ='Pencapaian Sales Value'!G181 -> 0.71644363 | H39: ='Pencapaian Active Outlet'!G181 -> 0.4 | N39: =AO181 -> 450000 | R39: TOTAL CABANG PURWAKARTA | T39: ='Pencapaian Sales Value'!G39 -> 0.95821433 | U39: ='Pencapaian Sales Value'!I39 -> 1348500 | V39: ='Pencapaian Product Focus'!H39 -> 0 | W39: ='Pencapaian Product Focus'!L39 -> 0 | X39: ='Pencapaian Product Focus'!N39 -> 0 | Y39: ='Pencapaian Effective Call'!G39 -> 0.91868132 | Z39: ='Pencapaian Effective Call'!I39 -> 573000 | AA39: ='Pencapaian New Open Outlet'!G39 -> 0.14285714 | AB39: ='Pencapaian New Open Outlet'!I39 -> 0 | AC39: ='Pencapaian Active Outlet'!G39 -> 1.104918 | AD39: ='Pencapaian Active Outlet'!I39 -> 681000 | AE39: ='Pencapaian Item per Outlet'!G39 -> 0 | AF39: ='Pencapaian Item per Outlet'!I39 -> 0 | AG39: ='Pencapaian Product Display'!G39 -> 0 | AH39: ='Pencapaian Product Display'!I39 -> 0 | AI39: ='Pencapaian Sales Contract'!G39 -> 0 | AJ39: ='Pencapaian Sales Contract'!I39 -> 0 | AK39: ='Pencapaian Co-Branding'!G39 -> 0 | AL39: ='Pencapaian Co-Branding'!I39 -> 0 | AM39: ='Pencapaian Join Event Activity'!G39 -> 0 | AN39: ='Pencapaian Join Event Activity'!I39 -> 0 | AO39: =SUM(AN39,AL39,AJ39,AH39,AF39,AD39,AB39,Z39,X39,U39) -> 2602500 | AP39: 0 | AQ39: =SUM(AQ35:AQ38) -> 0 | AR39: 0 | AS39: =SUM(AS35:AS38) -> 0 | AT39: =SUM(AS39,AQ39,AO39) -> 2602500 | AU39: =SUM(AU35:AU38) -> 1961250 | AV39: =SUM(AV35:AV38) -> 641250
B40: CABANG PROBOLINGGO - PASURUAN | C40: ='Pencapaian Sales Value'!G199 -> 0.76989445 | H40: ='Pencapaian Active Outlet'!G199 -> 0.66352941 | N40: =AO199 -> 1173000 | R40: TOTAL AREA JAWA BARAT-1 | T40: ='Pencapaian Sales Value'!G40 -> 0.89525819 | U40: ='Pencapaian Sales Value'!I40 -> 9278000 | V40: ='Pencapaian Product Focus'!H40 -> 0.93931294 | W40: ='Pencapaian Product Focus'!L40 -> 0.98344574 | X40: ='Pencapaian Product Focus'!N40 -> 3607000 | Y40: ='Pencapaian Effective Call'!G40 -> 0.92789788 | Z40: ='Pencapaian Effective Call'!I40 -> 2405250 | AA40: ='Pencapaian New Open Outlet'!G40 -> 0.37654321 | AB40: ='Pencapaian New Open Outlet'!I40 -> 1048500 | AC40: ='Pencapaian Active Outlet'!G40 -> 0.98463256 | AD40: ='Pencapaian Active Outlet'!I40 -> 1430000 | AE40: ='Pencapaian Item per Outlet'!G40 -> 0.79537525 | AF40: ='Pencapaian Item per Outlet'!I40 -> 1626000 | AG40: ='Pencapaian Product Display'!G40 -> 0.89090909 | AH40: ='Pencapaian Product Display'!I40 -> 40000 | AI40: ='Pencapaian Sales Contract'!G40 -> 0 | AJ40: ='Pencapaian Sales Contract'!I40 -> 0 | AK40: ='Pencapaian Co-Branding'!G40 -> 0 | AL40: ='Pencapaian Co-Branding'!I40 -> 0 | AM40: ='Pencapaian Join Event Activity'!G40 -> 1 | AN40: ='Pencapaian Join Event Activity'!I40 -> 50000 | AO40: =SUM(AN40,AL40,AJ40,AH40,AF40,AD40,AB40,Z40,X40,U40) -> 19484750 | AP40: 0.0091240407 | AQ40: =SUM(AQ39,AQ34,AQ28) -> -287750 | AR40: 8.4008463e-05 | AS40: =SUM(AS39,AS34,AS28) -> -1605000 | AT40: =SUM(AS40,AQ40,AO40) -> 17592000 | AU40: =SUM(AU39,AU34,AU28) -> 11771250 | AV40: =SUM(AV39,AV34,AV28) -> 5820750
B41: CABANG MALANG UTARA - MALANG SELATAN | C41: ='Pencapaian Sales Value'!G215 -> 0.4777687 | H41: ='Pencapaian Active Outlet'!G215 -> 0.3037037 | N41: =AO215 -> 390000 | P41: Pencairan ASM | Q41: skema All Prod & Value kolom diatas | BC41: *AR MT tetap muncul, tapi di sheet 'Pencairan' dikeluarkan dari pengurang insentif
B42: CABANG BANGKALAN | C42: ='Pencapaian Sales Value'!G220 -> 0.24207575 | H42: ='Pencapaian Active Outlet'!G220 -> 0.29333333 | N42: =AO220 -> 0
B43: CABANG SUMENEP | C43: ='Pencapaian Sales Value'!G225 -> -0.00101475 | H43: ='Pencapaian Active Outlet'!G225 -> 0.013333333 | N43: =AO225 -> 0
B44: CABANG MOJOKERTO - KEDIRI | C44: ='Pencapaian Sales Value'!G242 -> 0.40937879 | H44: ='Pencapaian Active Outlet'!G242 -> 0.30847458 | N44: =AO242 -> 180000
B45: CABANG TULUNGAGUNG | C45: ='Pencapaian Sales Value'!G249 -> 0.24224722 | H45: ='Pencapaian Active Outlet'!G249 -> 0.044444444 | N45: =AO249 -> 60000
B46: CABANG SIDOARJO | C46: ='Pencapaian Sales Value'!G258 -> 0.53519257 | H46: ='Pencapaian Active Outlet'!G258 -> 0.47027027 | N46: =AO258 -> 0
B47: CABANG SURABAYA PUSAT - SURABAYA BARAT | C47: ='Pencapaian Sales Value'!G274 -> 0.58794208 | H47: ='Pencapaian Active Outlet'!G274 -> 0.18461538 | N47: =AO274 -> 180000
B48: CABANG BLITAR | C48: ='Pencapaian Sales Value'!G280 -> 0.29983033 | H48: ='Pencapaian Active Outlet'!G280 -> 0.3 | N48: =AO280 -> 0 | P48: NAMA CABANG | Q48: ID | R48: SALESMAN | S48: TYPE SALES | T48: SALES VALUE | V48: PRODUCT FOCUS | Y48: EFFECTIVE CALL | AA48: NEW OPEN OUTLET | AC48: ACTIVE OUTLET | AE48: ITEM PER OUTLET | AG48: PRODUCT DISPLAY | AI48: SALES CONTRACT | AK48: CO-BRANDING | AM48: JOIN EVENT ACTIVITY | AO48: TOTAL | AP48: AR PERFORM | AT48: TOTAL INSENTIF DITERIMA | AU48: SALESMAN | AV48: DRIVER / HELPER
B49: CABANG BOJONEGORO | C49: ='Pencapaian Sales Value'!G288 -> 0.046463533 | H49: ='Pencapaian Active Outlet'!G288 -> 0.066765579 | N49: =AO288 -> 0 | T49: PENCAPAIAN | U49: INSENTIF | V49: VOLUME | W49: RO | X49: INSENTIF | Y49: PENCAPAIAN | Z49: INSENTIF | AA49: PENCAPAIAN | AB49: INSENTIF | AC49: PENCAPAIAN | AD49: INSENTIF | AE49: PENCAPAIAN | AF49: INSENTIF | AG49: PENCAPAIAN | AH49: INSENTIF | AI49: PENCAPAIAN | AJ49: INSENTIF | AK49: PENCAPAIAN | AL49: INSENTIF | AM49: PENCAPAIAN | AN49: INSENTIF | AP49: OVERDUE | AQ49: PENGURANG INSENTIF | AR49: BAD DEBT | AS49: PENGURANG INSENTIF
B50: CABANG TUBAN | C50: ='Pencapaian Sales Value'!G292 -> #DIV/0! | H50: ='Pencapaian Active Outlet'!G292 -> #DIV/0! | N50: =AO292 -> 0 | P50: GARUT | R50: (Vacant) | T50: ='Pencapaian Sales Value'!G50 -> 0 | U50: ='Pencapaian Sales Value'!I50 -> 0 | V50: ='Pencapaian Product Focus'!H50 -> 0 | W50: ='Pencapaian Product Focus'!L50 -> 0 | X50: ='Pencapaian Product Focus'!N50 -> 0 | Y50: ='Pencapaian Effective Call'!G50 -> 0 | Z50: ='Pencapaian Effective Call'!I50 -> 0 | AA50: ='Pencapaian New Open Outlet'!G50 -> 0 | AB50: ='Pencapaian New Open Outlet'!I50 -> 0 | AC50: ='Pencapaian Active Outlet'!G50 -> 0 | AD50: ='Pencapaian Active Outlet'!I50 -> 0 | AE50: ='Pencapaian Item per Outlet'!G50 -> 0 | AF50: ='Pencapaian Item per Outlet'!I50 -> 0 | AG50: ='Pencapaian Product Display'!G50 -> 0 | AH50: ='Pencapaian Product Display'!I50 -> 0 | AI50: ='Pencapaian Sales Contract'!G50 -> 0 | AJ50: ='Pencapaian Sales Contract'!I50 -> 0 | AK50: ='Pencapaian Co-Branding'!G50 -> 0 | AL50: ='Pencapaian Co-Branding'!I50 -> 0 | AM50: ='Pencapaian Join Event Activity'!G50 -> 0 | AN50: ='Pencapaian Join Event Activity'!I50 -> 0 | AO50: =SUM(AN50,AL50,AJ50,AH50,AF50,AD50,AB50,Z50,X50,U50) -> 0 | AP50: 0 | AQ50: =IF(AP50>=0.5%,-(AO50*10%),0) -> 0 | AR50: 0 | AS50: =IF(AR50>0,-(AO50+AQ50),0) -> 0 | AT50: =SUM(AS50,AQ50,AO50) -> 0
B51: CABANG GRESIK | C51: ='Pencapaian Sales Value'!G299 -> 0.14021129 | H51: ='Pencapaian Active Outlet'!G299 -> 0.041666667 | N51: =AO299 -> 90000 | Q51: GRT-SLS-GT-001 | R51: Sona Sukmayasa | S51: 2 Orang | T51: ='Pencapaian Sales Value'!G51 -> 0.85832202 | U51: ='Pencapaian Sales Value'!I51 -> 225000 | V51: ='Pencapaian Product Focus'!H51 -> 0.6 | W51: ='Pencapaian Product Focus'!L51 -> 0.64 | X51: ='Pencapaian Product Focus'!N51 -> 0 | Y51: ='Pencapaian Effective Call'!G51 -> 0.94588235 | Z51: ='Pencapaian Effective Call'!I51 -> 101250 | AA51: ='Pencapaian New Open Outlet'!G51 -> 0.18181818 | AB51: ='Pencapaian New Open Outlet'!I51 -> 0 | AC51: ='Pencapaian Active Outlet'!G51 -> 1.0207337 | AD51: ='Pencapaian Active Outlet'!I51 -> 0 | AE51: ='Pencapaian Item per Outlet'!G51 -> 0.45766871 | AF51: ='Pencapaian Item per Outlet'!I51 -> 0 | AG51: ='Pencapaian Product Display'!G51 -> 0 | AH51: ='Pencapaian Product Display'!I51 -> 0 | AI51: ='Pencapaian Sales Contract'!G51 -> 0 | AJ51: ='Pencapaian Sales Contract'!I51 -> 0 | AK51: ='Pencapaian Co-Branding'!G51 -> 0 | AL51: ='Pencapaian Co-Branding'!I51 -> 0 | AM51: ='Pencapaian Join Event Activity'!G51 -> 0 | AN51: ='Pencapaian Join Event Activity'!I51 -> 0 | AO51: =SUM(AN51,AL51,AJ51,AH51,AF51,AD51,AB51,Z51,X51,U51) -> 326250 | AP51: 0 | AQ51: =IF(AP51>=0.5%,-(AO51*10%),0) -> 0 | AR51: 0 | AS51: =IF(AR51>0,-(AO51+AQ51),0) -> 0 | AT51: =SUM(AS51,AQ51,AO51) -> 326250 | AU51: =AT51*70% -> 228375 | AV51: =AT51*30% -> 97875
B52: CABANG MADIUN | C52: ='Pencapaian Sales Value'!G307 -> 0.060630429 | H52: ='Pencapaian Active Outlet'!G307 -> 0.032 | N52: =AO307 -> 0 | Q52: GRT-SLS-GT-002 | R52: Sukmadin | S52: 2 Orang | T52: ='Pencapaian Sales Value'!G52 -> 0.79612219 | U52: ='Pencapaian Sales Value'!I52 -> 112500 | V52: ='Pencapaian Product Focus'!H52 -> 0.53958333 | W52: ='Pencapaian Product Focus'!L52 -> 0.71428571 | X52: ='Pencapaian Product Focus'!N52 -> 22500 | Y52: ='Pencapaian Effective Call'!G52 -> 0.98 | Z52: ='Pencapaian Effective Call'!I52 -> 101250 | AA52: ='Pencapaian New Open Outlet'!G52 -> 0.10810811 | AB52: ='Pencapaian New Open Outlet'!I52 -> 0 | AC52: ='Pencapaian Active Outlet'!G52 -> 1.0590894 | AD52: ='Pencapaian Active Outlet'!I52 -> 0 | AE52: ='Pencapaian Item per Outlet'!G52 -> 0.60481928 | AF52: ='Pencapaian Item per Outlet'!I52 -> 0 | AG52: ='Pencapaian Product Display'!G52 -> 0 | AH52: ='Pencapaian Product Display'!I52 -> 0 | AI52: ='Pencapaian Sales Contract'!G52 -> 0 | AJ52: ='Pencapaian Sales Contract'!I52 -> 0 | AK52: ='Pencapaian Co-Branding'!G52 -> 0 | AL52: ='Pencapaian Co-Branding'!I52 -> 0 | AM52: ='Pencapaian Join Event Activity'!G52 -> 0 | AN52: ='Pencapaian Join Event Activity'!I52 -> 0 | AO52: =SUM(AN52,AL52,AJ52,AH52,AF52,AD52,AB52,Z52,X52,U52) -> 236250 | AP52: 0 | AQ52: =IF(AP52>=0.5%,-(AO52*10%),0) -> 0 | AR52: 0 | AS52: =IF(AR52>0,-(AO52+AQ52),0) -> 0 | AT52: =SUM(AS52,AQ52,AO52) -> 236250 | AU52: =AT52*70% -> 165375 | AV52: =AT52*30% -> 70875
B53: CABANG PONOROGO | C53: ='Pencapaian Sales Value'!G313 -> -0.014740909 | H53: ='Pencapaian Active Outlet'!G313 -> 0.09 | N53: =AO313 -> 0 | Q53: GRT-SLS-GT-004 | R53: Hendrik | S53: 2 Orang | T53: ='Pencapaian Sales Value'!G53 -> 0.81550126 | U53: ='Pencapaian Sales Value'!I53 -> 225000 | V53: ='Pencapaian Product Focus'!H53 -> 0.38854167 | W53: ='Pencapaian Product Focus'!L53 -> 0.6 | X53: ='Pencapaian Product Focus'!N53 -> 0 | Y53: ='Pencapaian Effective Call'!G53 -> 0.9872 | Z53: ='Pencapaian Effective Call'!I53 -> 101250 | AA53: ='Pencapaian New Open Outlet'!G53 -> 0.03960396 | AB53: ='Pencapaian New Open Outlet'!I53 -> 0 | AC53: ='Pencapaian Active Outlet'!G53 -> 1.0526316 | AD53: ='Pencapaian Active Outlet'!I53 -> 0 | AE53: ='Pencapaian Item per Outlet'!G53 -> 0.55652174 | AF53: ='Pencapaian Item per Outlet'!I53 -> 0 | AG53: ='Pencapaian Product Display'!G53 -> 0 | AH53: ='Pencapaian Product Display'!I53 -> 0 | AI53: ='Pencapaian Sales Contract'!G53 -> 0 | AJ53: ='Pencapaian Sales Contract'!I53 -> 0 | AK53: ='Pencapaian Co-Branding'!G53 -> 0 | AL53: ='Pencapaian Co-Branding'!I53 -> 0 | AM53: ='Pencapaian Join Event Activity'!G53 -> 0 | AN53: ='Pencapaian Join Event Activity'!I53 -> 0 | AO53: =SUM(AN53,AL53,AJ53,AH53,AF53,AD53,AB53,Z53,X53,U53) -> 326250 | AP53: 0 | AQ53: =IF(AP53>=0.5%,-(AO53*10%),0) -> 0 | AR53: 0 | AS53: =IF(AR53>0,-(AO53+AQ53),0) -> 0 | AT53: =SUM(AS53,AQ53,AO53) -> 326250 | AU53: =AT53*70% -> 228375 | AV53: =AT53*30% -> 97875
B54: TOTAL PENCAPAIAN AREA JAWA TIMUR | C54: ='Pencapaian Sales Value'!G315 -> 0.6736298 | H54: ='Pencapaian Active Outlet'!G315 -> 0.40988659 | N54: =SUM(N38:N53) -> 5492000 | Q54: GRT-SLS-GT-005 | R54: Adie Wirahadi | S54: 2 Orang | T54: ='Pencapaian Sales Value'!G54 -> 0.71289233 | U54: ='Pencapaian Sales Value'!I54 -> 112500 | V54: ='Pencapaian Product Focus'!H54 -> 0.85 | W54: ='Pencapaian Product Focus'!L54 -> 0.65714286 | X54: ='Pencapaian Product Focus'!N54 -> 45000 | Y54: ='Pencapaian Effective Call'!G54 -> 0.92 | Z54: ='Pencapaian Effective Call'!I54 -> 101250 | AA54: ='Pencapaian New Open Outlet'!G54 -> 0.4 | AB54: ='Pencapaian New Open Outlet'!I54 -> 0 | AC54: ='Pencapaian Active Outlet'!G54 -> 0.93301435 | AD54: ='Pencapaian Active Outlet'!I54 -> 0 | AE54: ='Pencapaian Item per Outlet'!G54 -> 0.45645933 | AF54: ='Pencapaian Item per Outlet'!I54 -> 0 | AG54: ='Pencapaian Product Display'!G54 -> 0 | AH54: ='Pencapaian Product Display'!I54 -> 0 | AI54: ='Pencapaian Sales Contract'!G54 -> 0 | AJ54: ='Pencapaian Sales Contract'!I54 -> 0 | AK54: ='Pencapaian Co-Branding'!G54 -> 0 | AL54: ='Pencapaian Co-Branding'!I54 -> 0 | AM54: ='Pencapaian Join Event Activity'!G54 -> 0 | AN54: ='Pencapaian Join Event Activity'!I54 -> 0 | AO54: =SUM(AN54,AL54,AJ54,AH54,AF54,AD54,AB54,Z54,X54,U54) -> 258750 | AP54: 0 | AQ54: =IF(AP54>=0.5%,-(AO54*10%),0) -> 0 | AR54: 0 | AS54: =IF(AR54>0,-(AO54+AQ54),0) -> 0 | AT54: =SUM(AS54,AQ54,AO54) -> 258750 | AU54: =AT54*70% -> 181125 | AV54: =AT54*30% -> 77625
R55: JENI LESMANA | S55: SPV | T55: ='Pencapaian Sales Value'!G55 -> 0.81042838 | U55: ='Pencapaian Sales Value'!I55 -> 216000 | V55: ='Pencapaian Product Focus'!H55 -> 0.56846847 | W55: ='Pencapaian Product Focus'!L55 -> 0.64705882 | X55: ='Pencapaian Product Focus'!N55 -> 0 | Y55: ='Pencapaian Effective Call'!G55 -> 0 | Z55: ='Pencapaian Effective Call'!I55 -> 0 | AA55: ='Pencapaian New Open Outlet'!G55 -> 0.19302949 | AB55: ='Pencapaian New Open Outlet'!I55 -> 0 | AC55: ='Pencapaian Active Outlet'!G55 -> 1.0107573 | AD55: ='Pencapaian Active Outlet'!I55 -> 240000 | AE55: ='Pencapaian Item per Outlet'!G55 -> 0.51886726 | AF55: ='Pencapaian Item per Outlet'!I55 -> 0 | AG55: ='Pencapaian Product Display'!G55 -> 0 | AH55: ='Pencapaian Product Display'!I55 -> 0 | AI55: ='Pencapaian Sales Contract'!G55 -> 0 | AJ55: ='Pencapaian Sales Contract'!I55 -> 0 | AK55: ='Pencapaian Co-Branding'!G55 -> 0 | AL55: ='Pencapaian Co-Branding'!I55 -> 0 | AM55: ='Pencapaian Join Event Activity'!G55 -> 0 | AN55: ='Pencapaian Join Event Activity'!I55 -> 0 | AO55: =SUM(AN55,AL55,AJ55,AH55,AF55,AD55,AB55,Z55,X55,U55) -> 456000 | AP55: 0 | AQ55: =IF(AP55>=0.5%,-(AO55*10%),0) -> 0 | AR55: 0 | AS55: =IF(AR55>0,-(AO55+AQ55),0) -> 0 | AT55: =SUM(AS55,AQ55,AO55) -> 456000 | AU55: =AT55 -> 456000 | AV55: 0
B56: PENCAPAIAN AREA LUAR PULAU | Q56: GRT-SLS-GT-007 | R56: Saryanto | S56: 2 Orang | T56: ='Pencapaian Sales Value'!G56 -> 0.95812508 | U56: ='Pencapaian Sales Value'!I56 -> 337500 | V56: ='Pencapaian Product Focus'!H56 -> 0.40583333 | W56: ='Pencapaian Product Focus'!L56 -> 0.68571429 | X56: ='Pencapaian Product Focus'!N56 -> 0 | Y56: ='Pencapaian Effective Call'!G56 -> 1.04 | Z56: ='Pencapaian Effective Call'!I56 -> 135000 | AA56: ='Pencapaian New Open Outlet'!G56 -> 0.091954023 | AB56: ='Pencapaian New Open Outlet'!I56 -> 0 | AC56: ='Pencapaian Active Outlet'!G56 -> 1.0275689 | AD56: ='Pencapaian Active Outlet'!I56 -> 0 | AE56: ='Pencapaian Item per Outlet'!G56 -> 0.49090909 | AF56: ='Pencapaian Item per Outlet'!I56 -> 0 | AG56: ='Pencapaian Product Display'!G56 -> 0 | AH56: ='Pencapaian Product Display'!I56 -> 0 | AI56: ='Pencapaian Sales Contract'!G56 -> 0 | AJ56: ='Pencapaian Sales Contract'!I56 -> 0 | AK56: ='Pencapaian Co-Branding'!G56 -> 0 | AL56: ='Pencapaian Co-Branding'!I56 -> 0 | AM56: ='Pencapaian Join Event Activity'!G56 -> 0 | AN56: ='Pencapaian Join Event Activity'!I56 -> 0 | AO56: =SUM(AN56,AL56,AJ56,AH56,AF56,AD56,AB56,Z56,X56,U56) -> 472500 | AP56: 0 | AQ56: =IF(AP56>=0.5%,-(AO56*10%),0) -> 0 | AR56: 0 | AS56: =IF(AR56>0,-(AO56+AQ56),0) -> 0 | AT56: =SUM(AS56,AQ56,AO56) -> 472500 | AU56: =AT56*70% -> 330750 | AV56: =AT56*30% -> 141750
B57: NAMA CABANG | C57: SALES VALUE | D57: PRODUCT FOCUS | F57: EFFECTIVE CALL | G57: NEW OPEN OUTLET | H57: ACTIVE OUTLET | I57: ITEM PER OUTLET | J57: PRODUCT DISPLAY | K57: SALES CONTRACT | L57: CO-BRANDING | M57: JOIN EVENT ACTIVITY | N57: TOTAL INSENTIF | Q57: GRT-SLS-GT-003 | R57: Nandang | S57: 2 Orang | T57: ='Pencapaian Sales Value'!G57 -> 0.72169732 | U57: ='Pencapaian Sales Value'!I57 -> 112500 | V57: ='Pencapaian Product Focus'!H57 -> 0.40666667 | W57: ='Pencapaian Product Focus'!L57 -> 0.48571429 | X57: ='Pencapaian Product Focus'!N57 -> 0 | Y57: ='Pencapaian Effective Call'!G57 -> 1.0422222 | Z57: ='Pencapaian Effective Call'!I57 -> 135000 | AA57: ='Pencapaian New Open Outlet'!G57 -> 0.42168675 | AB57: ='Pencapaian New Open Outlet'!I57 -> 0 | AC57: ='Pencapaian Active Outlet'!G57 -> 1.1216566 | AD57: ='Pencapaian Active Outlet'!I57 -> 0 | AE57: ='Pencapaian Item per Outlet'!G57 -> 0.59083969 | AF57: ='Pencapaian Item per Outlet'!I57 -> 0 | AG57: ='Pencapaian Product Display'!G57 -> 0 | AH57: ='Pencapaian Product Display'!I57 -> 0 | AI57: ='Pencapaian Sales Contract'!G57 -> 0 | AJ57: ='Pencapaian Sales Contract'!I57 -> 0 | AK57: ='Pencapaian Co-Branding'!G57 -> 0 | AL57: ='Pencapaian Co-Branding'!I57 -> 0 | AM57: ='Pencapaian Join Event Activity'!G57 -> 0 | AN57: ='Pencapaian Join Event Activity'!I57 -> 0 | AO57: =SUM(AN57,AL57,AJ57,AH57,AF57,AD57,AB57,Z57,X57,U57) -> 247500 | AP57: 0 | AQ57: =IF(AP57>=0.5%,-(AO57*10%),0) -> 0 | AR57: 0 | AS57: =IF(AR57>0,-(AO57+AQ57),0) -> 0 | AT57: =SUM(AS57,AQ57,AO57) -> 247500 | AU57: =AT57*70% -> 173250 | AV57: =AT57*30% -> 74250
D58: VOLUME | E58: RO | R58: (Vacant) | T58: ='Pencapaian Sales Value'!G58 -> 0 | U58: ='Pencapaian Sales Value'!I58 -> 0 | V58: ='Pencapaian Product Focus'!H58 -> 0 | W58: ='Pencapaian Product Focus'!L58 -> 0 | X58: ='Pencapaian Product Focus'!N58 -> 0 | Y58: ='Pencapaian Effective Call'!G58 -> 0 | Z58: ='Pencapaian Effective Call'!I58 -> 0 | AA58: ='Pencapaian New Open Outlet'!G58 -> 0 | AB58: ='Pencapaian New Open Outlet'!I58 -> 0 | AC58: ='Pencapaian Active Outlet'!G58 -> 0 | AD58: ='Pencapaian Active Outlet'!I58 -> 0 | AE58: ='Pencapaian Item per Outlet'!G58 -> 0 | AF58: ='Pencapaian Item per Outlet'!I58 -> 0 | AG58: ='Pencapaian Product Display'!G58 -> 0 | AH58: ='Pencapaian Product Display'!I58 -> 0 | AI58: ='Pencapaian Sales Contract'!G58 -> 0 | AJ58: ='Pencapaian Sales Contract'!I58 -> 0 | AK58: ='Pencapaian Co-Branding'!G58 -> 0 | AL58: ='Pencapaian Co-Branding'!I58 -> 0 | AM58: ='Pencapaian Join Event Activity'!G58 -> 0 | AN58: ='Pencapaian Join Event Activity'!I58 -> 0 | AO58: =SUM(AN58,AL58,AJ58,AH58,AF58,AD58,AB58,Z58,X58,U58) -> 0 | AP58: 0 | AQ58: =IF(AP58>=0.5%,-(AO58*10%),0) -> 0 | AR58: 0 | AS58: =IF(AR58>0,-(AO58+AQ58),0) -> 0 | AT58: =SUM(AS58,AQ58,AO58) -> 0
B59: CABANG JAYAPURA | C59: ='Pencapaian Sales Value'!G337 -> 1.0635302 | H59: ='Pencapaian Active Outlet'!G336 -> 0.93 | N59: =AO337 -> 1935000 | Q59: GRT-SLS-GT-008 | R59: Moch. Ganjar Ilmani | S59: Stockpoint | T59: ='Pencapaian Sales Value'!G59 -> 1.0382771 | U59: ='Pencapaian Sales Value'!I59 -> 600000 | V59: ='Pencapaian Product Focus'!H59 -> 0.739 | W59: ='Pencapaian Product Focus'!L59 -> 0.65333333 | X59: ='Pencapaian Product Focus'!N59 -> 20000 | Y59: ='Pencapaian Effective Call'!G59 -> 0.992 | Z59: ='Pencapaian Effective Call'!I59 -> 105000 | AA59: ='Pencapaian New Open Outlet'!G59 -> 0 | AB59: ='Pencapaian New Open Outlet'!I59 -> 0 | AC59: ='Pencapaian Active Outlet'!G59 -> 1.0454708 | AD59: ='Pencapaian Active Outlet'!I59 -> 0 | AE59: ='Pencapaian Item per Outlet'!G59 -> 0.64459459 | AF59: ='Pencapaian Item per Outlet'!I59 -> 0 | AG59: ='Pencapaian Product Display'!G59 -> 0 | AH59: ='Pencapaian Product Display'!I59 -> 0 | AI59: ='Pencapaian Sales Contract'!G59 -> 0 | AJ59: ='Pencapaian Sales Contract'!I59 -> 0 | AK59: ='Pencapaian Co-Branding'!G59 -> 0 | AL59: ='Pencapaian Co-Branding'!I59 -> 0 | AM59: ='Pencapaian Join Event Activity'!G59 -> 0 | AN59: ='Pencapaian Join Event Activity'!I59 -> 0 | AO59: =SUM(AN59,AL59,AJ59,AH59,AF59,AD59,AB59,Z59,X59,U59) -> 725000 | AP59: 0 | AQ59: =IF(AP59>=0.5%,-(AO59*10%),0) -> 0 | AR59: 0 | AS59: =IF(AR59>0,-(AO59+AQ59),0) -> 0 | AT59: =SUM(AS59,AQ59,AO59) -> 725000 | AU59: =AT59*55% -> 398750 | AV59: =AT59*45% -> 326250
B60: TOTAL PENCAPAIAN AREA LUAR PULAU | C60: ='Pencapaian Sales Value'!G338 -> 1.0635302 | H60: ='Pencapaian Active Outlet'!G337 -> 0.93 | N60: =SUM(N59:N59) -> 1935000 | Q60: GRT-SLS-GT-009 | R60: Solahudin | S60: Stockpoint | T60: ='Pencapaian Sales Value'!G60 -> 1.0318125 | U60: ='Pencapaian Sales Value'!I60 -> 600000 | V60: ='Pencapaian Product Focus'!H60 -> 1.1142222 | W60: ='Pencapaian Product Focus'!L60 -> 0.85454545 | X60: ='Pencapaian Product Focus'!N60 -> 175000 | Y60: ='Pencapaian Effective Call'!G60 -> 1.0032 | Z60: ='Pencapaian Effective Call'!I60 -> 150000 | AA60: ='Pencapaian New Open Outlet'!G60 -> 0.09375 | AB60: ='Pencapaian New Open Outlet'!I60 -> 0 | AC60: ='Pencapaian Active Outlet'!G60 -> 1.065627 | AD60: ='Pencapaian Active Outlet'!I60 -> 0 | AE60: ='Pencapaian Item per Outlet'!G60 -> 0.88292683 | AF60: ='Pencapaian Item per Outlet'!I60 -> 20000 | AG60: ='Pencapaian Product Display'!G60 -> 0 | AH60: ='Pencapaian Product Display'!I60 -> 0 | AI60: ='Pencapaian Sales Contract'!G60 -> 0 | AJ60: ='Pencapaian Sales Contract'!I60 -> 0 | AK60: ='Pencapaian Co-Branding'!G60 -> 0 | AL60: ='Pencapaian Co-Branding'!I60 -> 0 | AM60: ='Pencapaian Join Event Activity'!G60 -> 0 | AN60: ='Pencapaian Join Event Activity'!I60 -> 0 | AO60: =SUM(AN60,AL60,AJ60,AH60,AF60,AD60,AB60,Z60,X60,U60) -> 945000 | AP60: 0 | AQ60: =IF(AP60>=0.5%,-(AO60*10%),0) -> 0 | AR60: 0 | AS60: =IF(AR60>0,-(AO60+AQ60),0) -> 0 | AT60: =SUM(AS60,AQ60,AO60) -> 945000 | AU60: =AT60*55% -> 519750 | AV60: =AT60*45% -> 425250
Q61: GRT-SLS-HRC-001 | R61: Yopi Dana Wirya | S61: AE | T61: ='Pencapaian Sales Value'!G61 -> 0.52143946 | U61: ='Pencapaian Sales Value'!I61 -> 0 | V61: ='Pencapaian Product Focus'!H61 -> 0 | W61: ='Pencapaian Product Focus'!L61 -> 0 | X61: ='Pencapaian Product Focus'!N61 -> 0 | Y61: ='Pencapaian Effective Call'!G61 -> 0 | Z61: ='Pencapaian Effective Call'!I61 -> 0 | AA61: ='Pencapaian New Open Outlet'!G61 -> 0.35 | AB61: ='Pencapaian New Open Outlet'!I61 -> 0 | AC61: ='Pencapaian Active Outlet'!G61 -> 0.95906433 | AD61: ='Pencapaian Active Outlet'!I61 -> 98000 | AE61: ='Pencapaian Item per Outlet'!G61 -> 0 | AF61: ='Pencapaian Item per Outlet'!I61 -> 0 | AG61: ='Pencapaian Product Display'!G61 -> 0 | AH61: ='Pencapaian Product Display'!I61 -> 0 | AI61: ='Pencapaian Sales Contract'!G61 -> 0 | AJ61: ='Pencapaian Sales Contract'!I61 -> 0 | AK61: ='Pencapaian Co-Branding'!G61 -> 0 | AL61: ='Pencapaian Co-Branding'!I61 -> 0 | AM61: ='Pencapaian Join Event Activity'!G61 -> 0 | AN61: ='Pencapaian Join Event Activity'!I61 -> 0 | AO61: =SUM(AN61,AL61,AJ61,AH61,AF61,AD61,AB61,Z61,X61,U61) -> 98000 | AP61: 0 | AQ61: =IF(AP61>=0.5%,-(AO61*10%),0) -> 0 | AR61: 0 | AS61: =IF(AR61>0,-(AO61+AQ61),0) -> 0 | AT61: =SUM(AS61,AQ61,AO61) -> 98000 | AU61: =AT61 -> 98000 | AV61: 0
R62: JENI LESMANA | S62: SPV | T62: ='Pencapaian Sales Value'!G62 -> 0.91155863 | U62: ='Pencapaian Sales Value'!I62 -> 336000 | V62: ='Pencapaian Product Focus'!H62 -> 0.84208333 | W62: ='Pencapaian Product Focus'!L62 -> 0.685 | X62: ='Pencapaian Product Focus'!N62 -> 54000 | Y62: ='Pencapaian Effective Call'!G62 -> 1.0171429 | Z62: ='Pencapaian Effective Call'!I62 -> 0 | AA62: ='Pencapaian New Open Outlet'!G62 -> 0.19536487 | AB62: ='Pencapaian New Open Outlet'!I62 -> 0 | AC62: ='Pencapaian Active Outlet'!G62 -> 1.0526316 | AD62: ='Pencapaian Active Outlet'!I62 -> 240000 | AE62: ='Pencapaian Item per Outlet'!G62 -> 0.65231755 | AF62: ='Pencapaian Item per Outlet'!I62 -> 0 | AG62: ='Pencapaian Product Display'!G62 -> 0 | AH62: ='Pencapaian Product Display'!I62 -> 0 | AI62: ='Pencapaian Sales Contract'!G62 -> 0 | AJ62: ='Pencapaian Sales Contract'!I62 -> 0 | AK62: ='Pencapaian Co-Branding'!G62 -> 0 | AL62: ='Pencapaian Co-Branding'!I62 -> 0 | AM62: ='Pencapaian Join Event Activity'!G62 -> 0 | AN62: ='Pencapaian Join Event Activity'!I62 -> 0 | AO62: =SUM(AN62,AL62,AJ62,AH62,AF62,AD62,AB62,Z62,X62,U62) -> 630000 | AP62: 0 | AQ62: =IF(AP62>=0.5%,-(AO62*10%),0) -> 0 | AR62: 0 | AS62: =IF(AR62>0,-(AO62+AQ62),0) -> 0 | AT62: =SUM(AS62,AQ62,AO62) -> 630000 | AU62: =AT62 -> 630000 | AV62: 0
K63: Sales Team | L63: =SUM(N60,N54,N33,N23,N16,N8) -> 38696750 | Q63: GRT-SLS-GT-010 | R63: Ade Nurjaman | S63: Stockpoint | T63: ='Pencapaian Sales Value'!G63 -> 0.84277091 | U63: ='Pencapaian Sales Value'!I63 -> 180000 | V63: ='Pencapaian Product Focus'!H63 -> 0.54166667 | W63: ='Pencapaian Product Focus'!L63 -> 0.08 | X63: ='Pencapaian Product Focus'!N63 -> 0 | Y63: ='Pencapaian Effective Call'!G63 -> #DIV/0! | Z63: ='Pencapaian Effective Call'!I63 -> 0 | AA63: ='Pencapaian New Open Outlet'!G63 -> 0 | AB63: ='Pencapaian New Open Outlet'!I63 -> 0 | AC63: ='Pencapaian Active Outlet'!G63 -> #DIV/0! | AD63: ='Pencapaian Active Outlet'!I63 -> 0 | AE63: ='Pencapaian Item per Outlet'!G63 -> 0.475 | AF63: ='Pencapaian Item per Outlet'!I63 -> 0 | AG63: ='Pencapaian Product Display'!G63 -> 0 | AH63: ='Pencapaian Product Display'!I63 -> 0 | AI63: ='Pencapaian Sales Contract'!G63 -> 0 | AJ63: ='Pencapaian Sales Contract'!I63 -> 0 | AK63: ='Pencapaian Co-Branding'!G63 -> 0 | AL63: ='Pencapaian Co-Branding'!I63 -> 0 | AM63: ='Pencapaian Join Event Activity'!G63 -> 0 | AN63: ='Pencapaian Join Event Activity'!I63 -> 0 | AO63: =SUM(AN63,AL63,AJ63,AH63,AF63,AD63,AB63,Z63,X63,U63) -> 180000 | AP63: 0 | AQ63: =IF(AP63>=0.5%,-(AO63*10%),0) -> 0 | AR63: 0 | AS63: =IF(AR63>0,-(AO63+AQ63),0) -> 0 | AT63: =SUM(AS63,AQ63,AO63) -> 180000 | AU63: =AT63*70% -> 126000 | AV63: =AT63*30% -> 54000
K64: ASM | L64: ='Pencapaian ASM'!M7 -> 3002500 | R64: TOTAL CABANG GARUT | T64: ='Pencapaian Sales Value'!G64 -> 0.8607358 | U64: ='Pencapaian Sales Value'!I64 -> 3057000 | V64: ='Pencapaian Product Focus'!H64 -> 0.75020833 | W64: ='Pencapaian Product Focus'!L64 -> 0.63037975 | X64: ='Pencapaian Product Focus'!N64 -> 316500 | Y64: ='Pencapaian Effective Call'!G64 -> 0.99223529 | Z64: ='Pencapaian Effective Call'!I64 -> 930000 | AA64: ='Pencapaian New Open Outlet'!G64 -> 0.1941568 | AB64: ='Pencapaian New Open Outlet'!I64 -> 0 | AC64: ='Pencapaian Active Outlet'!G64 -> 1.0290044 | AD64: ='Pencapaian Active Outlet'!I64 -> 578000 | AE64: ='Pencapaian Item per Outlet'!G64 -> 0.54872827 | AF64: ='Pencapaian Item per Outlet'!I64 -> 20000 | AG64: ='Pencapaian Product Display'!G64 -> 0 | AH64: ='Pencapaian Product Display'!I64 -> 0 | AI64: ='Pencapaian Sales Contract'!G64 -> 0 | AJ64: ='Pencapaian Sales Contract'!I64 -> 0 | AK64: ='Pencapaian Co-Branding'!G64 -> 0 | AL64: ='Pencapaian Co-Branding'!I64 -> 0 | AM64: ='Pencapaian Join Event Activity'!G64 -> 0 | AN64: ='Pencapaian Join Event Activity'!I64 -> 0 | AO64: =SUM(AN64,AL64,AJ64,AH64,AF64,AD64,AB64,Z64,X64,U64) -> 4901500 | AP64: 0 | AQ64: =SUM(AQ50:AQ63) -> 0 | AR64: 0 | AS64: =SUM(AS50:AS63) -> 0 | AT64: =SUM(AS64,AQ64,AO64) -> 4901500 | AU64: =SUM(AU50:AU63) -> 3535750 | AV64: =SUM(AV50:AV63) -> 1365750
L65: =SUM(L63:L64) -> 41699250 | P65: TASIK | Q65: TSK-SLS-GT-001 | R65: Dede Hudaya | S65: TO | T65: ='Pencapaian Sales Value'!G65 -> 0.71110569 | U65: ='Pencapaian Sales Value'!I65 -> 82500 | V65: ='Pencapaian Product Focus'!H65 -> 0.64470588 | W65: ='Pencapaian Product Focus'!L65 -> 1 | X65: ='Pencapaian Product Focus'!N65 -> 66000 | Y65: ='Pencapaian Effective Call'!G65 -> 0.79294118 | Z65: ='Pencapaian Effective Call'!I65 -> 24750 | AA65: ='Pencapaian New Open Outlet'!G65 -> 0.095465394 | AB65: ='Pencapaian New Open Outlet'!I65 -> 0 | AC65: ='Pencapaian Active Outlet'!G65 -> 0.69412662 | AD65: ='Pencapaian Active Outlet'!I65 -> 0 | AE65: ='Pencapaian Item per Outlet'!G65 -> 0 | AF65: ='Pencapaian Item per Outlet'!I65 -> 0 | AG65: ='Pencapaian Product Display'!G65 -> 0 | AH65: ='Pencapaian Product Display'!I65 -> 0 | AI65: ='Pencapaian Sales Contract'!G65 -> 0 | AJ65: ='Pencapaian Sales Contract'!I65 -> 0 | AK65: ='Pencapaian Co-Branding'!G65 -> 0 | AL65: ='Pencapaian Co-Branding'!I65 -> 0 | AM65: ='Pencapaian Join Event Activity'!G65 -> 0 | AN65: ='Pencapaian Join Event Activity'!I65 -> 0 | AO65: =SUM(AN65,AL65,AJ65,AH65,AF65,AD65,AB65,Z65,X65,U65) -> 173250 | AP65: 0.0023510922 | AQ65: =IF(AP65>=0.5%,-(AO65*10%),0) -> 0 | AR65: 0 | AS65: =IF(AR65>0,-(AO65+AQ65),0) -> 0 | AT65: =SUM(AS65,AQ65,AO65) -> 173250 | AU65: =AT65 -> 173250 | AV65: 0
Q66: TSK-SLS-GT-002 | R66: Sansan Wirasandi | S66: 2 Orang | T66: ='Pencapaian Sales Value'!G66 -> 0.87298369 | U66: ='Pencapaian Sales Value'!I66 -> 225000 | V66: ='Pencapaian Product Focus'!H66 -> 1.0288889 | W66: ='Pencapaian Product Focus'!L66 -> 1.016 | X66: ='Pencapaian Product Focus'!N66 -> 180000 | Y66: ='Pencapaian Effective Call'!G66 -> 0.86571429 | Z66: ='Pencapaian Effective Call'!I66 -> 67500 | AA66: ='Pencapaian New Open Outlet'!G66 -> 0.20408163 | AB66: ='Pencapaian New Open Outlet'!I66 -> 0 | AC66: ='Pencapaian Active Outlet'!G66 -> 0.92520776 | AD66: ='Pencapaian Active Outlet'!I66 -> 0 | AE66: ='Pencapaian Item per Outlet'!G66 -> 0 | AF66: ='Pencapaian Item per Outlet'!I66 -> 0 | AG66: ='Pencapaian Product Display'!G66 -> 0 | AH66: ='Pencapaian Product Display'!I66 -> 0 | AI66: ='Pencapaian Sales Contract'!G66 -> 0 | AJ66: ='Pencapaian Sales Contract'!I66 -> 0 | AK66: ='Pencapaian Co-Branding'!G66 -> 0 | AL66: ='Pencapaian Co-Branding'!I66 -> 0 | AM66: ='Pencapaian Join Event Activity'!G66 -> 0 | AN66: ='Pencapaian Join Event Activity'!I66 -> 0 | AO66: =SUM(AN66,AL66,AJ66,AH66,AF66,AD66,AB66,Z66,X66,U66) -> 472500 | AP66: 0 | AQ66: =IF(AP66>=0.5%,-(AO66*10%),0) -> 0 | AR66: 0 | AS66: =IF(AR66>0,-(AO66+AQ66),0) -> 0 | AT66: =SUM(AS66,AQ66,AO66) -> 472500 | AU66: =AT66*70% -> 330750 | AV66: =AT66*30% -> 141750
K67: Sales | M67: ='Pencapaian Sales Value'!I340 -> 18617500 | Q67: TSK-SLS-GT-003 | R67: Eris Rismana | S67: 2 Orang | T67: ='Pencapaian Sales Value'!G67 -> 0.71329625 | U67: ='Pencapaian Sales Value'!I67 -> 112500 | V67: ='Pencapaian Product Focus'!H67 -> 0.4 | W67: ='Pencapaian Product Focus'!L67 -> 0.66666667 | X67: ='Pencapaian Product Focus'!N67 -> 0 | Y67: ='Pencapaian Effective Call'!G67 -> 0.885 | Z67: ='Pencapaian Effective Call'!I67 -> 67500 | AA67: ='Pencapaian New Open Outlet'!G67 -> 0 | AB67: ='Pencapaian New Open Outlet'!I67 -> 0 | AC67: ='Pencapaian Active Outlet'!G67 -> 0.88324259 | AD67: ='Pencapaian Active Outlet'!I67 -> 0 | AE67: ='Pencapaian Item per Outlet'!G67 -> 0 | AF67: ='Pencapaian Item per Outlet'!I67 -> 0 | AG67: ='Pencapaian Product Display'!G67 -> 0 | AH67: ='Pencapaian Product Display'!I67 -> 0 | AI67: ='Pencapaian Sales Contract'!G67 -> 0 | AJ67: ='Pencapaian Sales Contract'!I67 -> 0 | AK67: ='Pencapaian Co-Branding'!G67 -> 0 | AL67: ='Pencapaian Co-Branding'!I67 -> 0 | AM67: ='Pencapaian Join Event Activity'!G67 -> 0 | AN67: ='Pencapaian Join Event Activity'!I67 -> 0 | AO67: =SUM(AN67,AL67,AJ67,AH67,AF67,AD67,AB67,Z67,X67,U67) -> 180000 | AP67: 0.010811471 | AQ67: =IF(AP67>=0.5%,-(AO67*10%),0) -> -18000 | AR67: 0.0063604988 | AS67: =IF(AR67>0,-(AO67+AQ67),0) -> -162000 | AT67: =SUM(AS67,AQ67,AO67) -> 0 | AU67: =AT67*70% -> 0 | AV67: =AT67*30% -> 0
K68: Produk Fokus | M68: ='Pencapaian Sales Value'!I341 -> 5062000 | Q68: TSK-SLS-HRC-001 | R68: Hari Prayoga | S68: KAE | T68: ='Pencapaian Sales Value'!G68 -> 0.59131894 | U68: ='Pencapaian Sales Value'!I68 -> 0 | V68: ='Pencapaian Product Focus'!H68 -> 0.54583333 | W68: ='Pencapaian Product Focus'!L68 -> 0.4 | X68: ='Pencapaian Product Focus'!N68 -> 0 | Y68: ='Pencapaian Effective Call'!G68 -> 0.066666667 | Z68: ='Pencapaian Effective Call'!I68 -> 0 | AA68: ='Pencapaian New Open Outlet'!G68 -> 0 | AB68: ='Pencapaian New Open Outlet'!I68 -> 0 | AC68: ='Pencapaian Active Outlet'!G68 -> 0.85213033 | AD68: ='Pencapaian Active Outlet'!I68 -> 0 | AE68: ='Pencapaian Item per Outlet'!G68 -> 0.50909091 | AF68: ='Pencapaian Item per Outlet'!I68 -> 0 | AG68: ='Pencapaian Product Display'!G68 -> 0 | AH68: ='Pencapaian Product Display'!I68 -> 0 | AI68: ='Pencapaian Sales Contract'!G68 -> 0 | AJ68: ='Pencapaian Sales Contract'!I68 -> 0 | AK68: ='Pencapaian Co-Branding'!G68 -> 0 | AL68: ='Pencapaian Co-Branding'!I68 -> 0 | AM68: ='Pencapaian Join Event Activity'!G68 -> 0 | AN68: ='Pencapaian Join Event Activity'!I68 -> 0 | AO68: =SUM(AN68,AL68,AJ68,AH68,AF68,AD68,AB68,Z68,X68,U68) -> 0 | AP68: 0.30601929 | AQ68: =IF(AP68>=0.5%,-(AO68*10%),0) -> 0 | AR68: 0.010719878 | AS68: =IF(AR68>0,-(AO68+AQ68),0) -> 0 | AT68: =SUM(AS68,AQ68,AO68) -> 0 | AU68: =AT68 -> 0 | AV68: 0
K69: EC | M69: ='Pencapaian Sales Value'!I342 -> 4324500 | Q69: TSK-SLS-GT-004 | R69: Wawan Darmawan | S69: MTC | T69: ='Pencapaian Sales Value'!G69 -> 0.41716 | U69: ='Pencapaian Sales Value'!I69 -> 0 | V69: ='Pencapaian Product Focus'!H69 -> 0 | W69: ='Pencapaian Product Focus'!L69 -> 0 | X69: ='Pencapaian Product Focus'!N69 -> 0 | Y69: ='Pencapaian Effective Call'!G69 -> 0 | Z69: ='Pencapaian Effective Call'!I69 -> 0 | AA69: ='Pencapaian New Open Outlet'!G69 -> #DIV/0! | AB69: ='Pencapaian New Open Outlet'!I69 -> 0 | AC69: ='Pencapaian Active Outlet'!G69 -> #DIV/0! | AD69: ='Pencapaian Active Outlet'!I69 -> 0 | AE69: ='Pencapaian Item per Outlet'!G69 -> 0 | AF69: ='Pencapaian Item per Outlet'!I69 -> 0 | AG69: ='Pencapaian Product Display'!G69 -> 0 | AH69: ='Pencapaian Product Display'!I69 -> 0 | AI69: ='Pencapaian Sales Contract'!G69 -> 0 | AJ69: ='Pencapaian Sales Contract'!I69 -> 0 | AK69: ='Pencapaian Co-Branding'!G69 -> 0 | AL69: ='Pencapaian Co-Branding'!I69 -> 0 | AM69: ='Pencapaian Join Event Activity'!G69 -> 0 | AN69: ='Pencapaian Join Event Activity'!I69 -> 0 | AO69: =SUM(AN69,AL69,AJ69,AH69,AF69,AD69,AB69,Z69,X69,U69) -> 0 | AP69: 0 | AQ69: =IF(AP69>=0.5%,-(AO69*10%),0) -> 0 | AR69: 0 | AS69: =IF(AR69>0,-(AO69+AQ69),0) -> 0 | AT69: =SUM(AS69,AQ69,AO69) -> 0 | AU69: =AT69 -> 0 | AV69: 0
K70: NOO | M70: ='Pencapaian Sales Value'!I343 -> 1949250 | R70: (VACANT) | S70: SPV | T70: ='Pencapaian Sales Value'!G70 -> 0.73837176 | U70: ='Pencapaian Sales Value'!I70 -> 120000 | V70: ='Pencapaian Product Focus'!H70 -> 0.70340278 | W70: ='Pencapaian Product Focus'!L70 -> 0.868 | X70: ='Pencapaian Product Focus'!N70 -> 84000 | Y70: ='Pencapaian Effective Call'!G70 -> 0.65741935 | Z70: ='Pencapaian Effective Call'!I70 -> 0 | AA70: ='Pencapaian New Open Outlet'!G70 -> 0.088407758 | AB70: ='Pencapaian New Open Outlet'!I70 -> 0 | AC70: ='Pencapaian Active Outlet'!G70 -> 0.85245902 | AD70: ='Pencapaian Active Outlet'!I70 -> 108000 | AE70: ='Pencapaian Item per Outlet'!G70 -> 0.50909091 | AF70: ='Pencapaian Item per Outlet'!I70 -> 0 | AG70: ='Pencapaian Product Display'!G70 -> 0 | AH70: ='Pencapaian Product Display'!I70 -> 0 | AI70: ='Pencapaian Sales Contract'!G70 -> 0 | AJ70: ='Pencapaian Sales Contract'!I70 -> 0 | AK70: ='Pencapaian Co-Branding'!G70 -> 0 | AL70: ='Pencapaian Co-Branding'!I70 -> 0 | AM70: ='Pencapaian Join Event Activity'!G70 -> 0 | AN70: ='Pencapaian Join Event Activity'!I70 -> 0 | AO70: =SUM(AN70,AL70,AJ70,AH70,AF70,AD70,AB70,Z70,X70,U70) -> 312000 | AP70: 0.0092739 | AQ70: =IF(AP70>=0.5%,-(AO70*10%),0) -> -31200 | AR70: 0.0012804987 | AS70: =IF(AR70>0,-(AO70+AQ70),0) -> -280800 | AT70: =SUM(AS70,AQ70,AO70) -> 0 | AU70: =AT70 -> 0 | AV70: 0
K71: Active Outlet | M71: ='Pencapaian Sales Value'!I344 -> 7007500 | R71: TOTAL CABANG TASIK | T71: ='Pencapaian Sales Value'!G71 -> 0.73837176 | U71: ='Pencapaian Sales Value'!I71 -> 540000 | V71: ='Pencapaian Product Focus'!H71 -> 0.70340278 | W71: ='Pencapaian Product Focus'!L71 -> 0.868 | X71: ='Pencapaian Product Focus'!N71 -> 330000 | Y71: ='Pencapaian Effective Call'!G71 -> 0.65741935 | Z71: ='Pencapaian Effective Call'!I71 -> 159750 | AA71: ='Pencapaian New Open Outlet'!G71 -> 0.088407758 | AB71: ='Pencapaian New Open Outlet'!I71 -> 0 | AC71: ='Pencapaian Active Outlet'!G71 -> 0.85245902 | AD71: ='Pencapaian Active Outlet'!I71 -> 108000 | AE71: ='Pencapaian Item per Outlet'!G71 -> 0.50909091 | AF71: ='Pencapaian Item per Outlet'!I71 -> 0 | AG71: ='Pencapaian Product Display'!G71 -> 0 | AH71: ='Pencapaian Product Display'!I71 -> 0 | AI71: ='Pencapaian Sales Contract'!G71 -> 0 | AJ71: ='Pencapaian Sales Contract'!I71 -> 0 | AK71: ='Pencapaian Co-Branding'!G71 -> 0 | AL71: ='Pencapaian Co-Branding'!I71 -> 0 | AM71: ='Pencapaian Join Event Activity'!G71 -> 0 | AN71: ='Pencapaian Join Event Activity'!I71 -> 0 | AO71: =SUM(AN71,AL71,AJ71,AH71,AF71,AD71,AB71,Z71,X71,U71) -> 1137750 | AP71: 0.0092739 | AQ71: =SUM(AQ65:AQ70) -> -49200 | AR71: 0.0012804987 | AS71: =SUM(AS65:AS70) -> -442800 | AT71: =SUM(AS71,AQ71,AO71) -> 645750 | AU71: =SUM(AU65:AU70) -> 504000 | AV71: =SUM(AV65:AV70) -> 141750
K72: IPO/IPT | M72: ='Pencapaian Sales Value'!I345 -> 1646000 | P72: CIREBON | Q72: CRB-SLS-GT-001 | R72: Arianto | S72: 2 Orang | T72: ='Pencapaian Sales Value'!G72 -> 0.42190238 | U72: ='Pencapaian Sales Value'!I72 -> 0 | V72: ='Pencapaian Product Focus'!H72 -> 0 | W72: ='Pencapaian Product Focus'!L72 -> 0 | X72: ='Pencapaian Product Focus'!N72 -> 0 | Y72: ='Pencapaian Effective Call'!G72 -> 0.25666667 | Z72: ='Pencapaian Effective Call'!I72 -> 0 | AA72: ='Pencapaian New Open Outlet'!G72 -> 0.625 | AB72: ='Pencapaian New Open Outlet'!I72 -> 0 | AC72: ='Pencapaian Active Outlet'!G72 -> 0.36297641 | AD72: ='Pencapaian Active Outlet'!I72 -> 0 | AE72: ='Pencapaian Item per Outlet'!G72 -> 0 | AF72: ='Pencapaian Item per Outlet'!I72 -> 0 | AG72: ='Pencapaian Product Display'!G72 -> 0 | AH72: ='Pencapaian Product Display'!I72 -> 0 | AI72: ='Pencapaian Sales Contract'!G72 -> 0 | AJ72: ='Pencapaian Sales Contract'!I72 -> 0 | AK72: ='Pencapaian Co-Branding'!G72 -> 0 | AL72: ='Pencapaian Co-Branding'!I72 -> 0 | AM72: ='Pencapaian Join Event Activity'!G72 -> 0 | AN72: ='Pencapaian Join Event Activity'!I72 -> 0 | AO72: =SUM(AN72,AL72,AJ72,AH72,AF72,AD72,AB72,Z72,X72,U72) -> 0 | AP72: 0.2604518 | AQ72: =IF(AP72>=0.5%,-(AO72*10%),0) -> 0 | AR72: 0.23275767 | AS72: =IF(AR72>0,-(AO72+AQ72),0) -> 0 | AT72: =SUM(AS72,AQ72,AO72) -> 0 | AU72: =AT72*70% -> 0 | AV72: =AT72*30% -> 0
K73: Product Display | M73: ='Pencapaian Sales Value'!I346 -> 40000 | Q73: CRB-SLS-GT-002 | R73: Tia Ambarwati | S73: 2 Orang | T73: ='Pencapaian Sales Value'!G73 -> 0.55771933 | U73: ='Pencapaian Sales Value'!I73 -> 0 | V73: ='Pencapaian Product Focus'!H73 -> 0 | W73: ='Pencapaian Product Focus'!L73 -> 0 | X73: ='Pencapaian Product Focus'!N73 -> 0 | Y73: ='Pencapaian Effective Call'!G73 -> 0.40333333 | Z73: ='Pencapaian Effective Call'!I73 -> 0 | AA73: ='Pencapaian New Open Outlet'!G73 -> 0.6875 | AB73: ='Pencapaian New Open Outlet'!I73 -> 0 | AC73: ='Pencapaian Active Outlet'!G73 -> 0.49001815 | AD73: ='Pencapaian Active Outlet'!I73 -> 0 | AE73: ='Pencapaian Item per Outlet'!G73 -> 0 | AF73: ='Pencapaian Item per Outlet'!I73 -> 0 | AG73: ='Pencapaian Product Display'!G73 -> 0 | AH73: ='Pencapaian Product Display'!I73 -> 0 | AI73: ='Pencapaian Sales Contract'!G73 -> 0 | AJ73: ='Pencapaian Sales Contract'!I73 -> 0 | AK73: ='Pencapaian Co-Branding'!G73 -> 0 | AL73: ='Pencapaian Co-Branding'!I73 -> 0 | AM73: ='Pencapaian Join Event Activity'!G73 -> 0 | AN73: ='Pencapaian Join Event Activity'!I73 -> 0 | AO73: =SUM(AN73,AL73,AJ73,AH73,AF73,AD73,AB73,Z73,X73,U73) -> 0 | AP73: 0.23824661 | AQ73: =IF(AP73>=0.5%,-(AO73*10%),0) -> 0 | AR73: 0.077162624 | AS73: =IF(AR73>0,-(AO73+AQ73),0) -> 0 | AT73: =SUM(AS73,AQ73,AO73) -> 0 | AU73: =AT73*70% -> 0 | AV73: =AT73*30% -> 0
K74: Sales Contract | M74: ='Pencapaian Sales Value'!I347 -> 0 | Q74: CRB-SLS-GT-003 | R74: Deny Koesmawan | S74: 2 Orang | T74: ='Pencapaian Sales Value'!G74 -> 0.67844809 | U74: ='Pencapaian Sales Value'!I74 -> 0 | V74: ='Pencapaian Product Focus'!H74 -> 0 | W74: ='Pencapaian Product Focus'!L74 -> 0 | X74: ='Pencapaian Product Focus'!N74 -> 0 | Y74: ='Pencapaian Effective Call'!G74 -> 0.87333333 | Z74: ='Pencapaian Effective Call'!I74 -> 90000 | AA74: ='Pencapaian New Open Outlet'!G74 -> 0.3125 | AB74: ='Pencapaian New Open Outlet'!I74 -> 0 | AC74: ='Pencapaian Active Outlet'!G74 -> 0.66813741 | AD74: ='Pencapaian Active Outlet'!I74 -> 0 | AE74: ='Pencapaian Item per Outlet'!G74 -> 0 | AF74: ='Pencapaian Item per Outlet'!I74 -> 0 | AG74: ='Pencapaian Product Display'!G74 -> 0 | AH74: ='Pencapaian Product Display'!I74 -> 0 | AI74: ='Pencapaian Sales Contract'!G74 -> 0 | AJ74: ='Pencapaian Sales Contract'!I74 -> 0 | AK74: ='Pencapaian Co-Branding'!G74 -> 0 | AL74: ='Pencapaian Co-Branding'!I74 -> 0 | AM74: ='Pencapaian Join Event Activity'!G74 -> 0 | AN74: ='Pencapaian Join Event Activity'!I74 -> 0 | AO74: =SUM(AN74,AL74,AJ74,AH74,AF74,AD74,AB74,Z74,X74,U74) -> 90000 | AP74: 0.042278135 | AQ74: =IF(AP74>=0.5%,-(AO74*10%),0) -> -9000 | AR74: 0 | AS74: =IF(AR74>0,-(AO74+AQ74),0) -> 0 | AT74: =SUM(AS74,AQ74,AO74) -> 81000 | AU74: =AT74*70% -> 56700 | AV74: =AT74*30% -> 24300
K75: Co-Branding | M75: ='Pencapaian Sales Value'!I348 -> 0 | R75: IRFAN ACHMAD | S75: SPV | T75: ='Pencapaian Sales Value'!G75 -> 0.55375184 | U75: ='Pencapaian Sales Value'!I75 -> 0 | V75: ='Pencapaian Product Focus'!H75 -> 0 | W75: ='Pencapaian Product Focus'!L75 -> 0 | X75: ='Pencapaian Product Focus'!N75 -> 0 | Y75: ='Pencapaian Effective Call'!G75 -> 0.51111111 | Z75: ='Pencapaian Effective Call'!I75 -> 0 | AA75: ='Pencapaian New Open Outlet'!G75 -> 0.54166667 | AB75: ='Pencapaian New Open Outlet'!I75 -> 0 | AC75: ='Pencapaian Active Outlet'!G75 -> 0.52763488 | AD75: ='Pencapaian Active Outlet'!I75 -> 0 | AE75: ='Pencapaian Item per Outlet'!G75 -> 0 | AF75: ='Pencapaian Item per Outlet'!I75 -> 0 | AG75: ='Pencapaian Product Display'!G75 -> 0 | AH75: ='Pencapaian Product Display'!I75 -> 0 | AI75: ='Pencapaian Sales Contract'!G75 -> 0 | AJ75: ='Pencapaian Sales Contract'!I75 -> 0 | AK75: ='Pencapaian Co-Branding'!G75 -> 0 | AL75: ='Pencapaian Co-Branding'!I75 -> 0 | AM75: ='Pencapaian Join Event Activity'!G75 -> 0 | AN75: ='Pencapaian Join Event Activity'!I75 -> 0 | AO75: =SUM(AN75,AL75,AJ75,AH75,AF75,AD75,AB75,Z75,X75,U75) -> 0 | AP75: 0 | AQ75: =IF(AP75>=0.5%,-(AO75*10%),0) -> 0 | AR75: 0 | AS75: =IF(AR75>0,-(AO75+AQ75),0) -> 0 | AT75: =SUM(AS75,AQ75,AO75) -> 0 | AU75: =AT75 -> 0 | AV75: 0
K76: Join Event | M76: ='Pencapaian Sales Value'!I349 -> 50000 | R76: TOTAL CABANG CIREBON | T76: ='Pencapaian Sales Value'!G76 -> 0.55375184 | U76: ='Pencapaian Sales Value'!I76 -> 0 | V76: ='Pencapaian Product Focus'!H76 -> 0 | W76: ='Pencapaian Product Focus'!L76 -> 0 | X76: ='Pencapaian Product Focus'!N76 -> 0 | Y76: ='Pencapaian Effective Call'!G76 -> 0.51111111 | Z76: ='Pencapaian Effective Call'!I76 -> 90000 | AA76: ='Pencapaian New Open Outlet'!G76 -> 0.54166667 | AB76: ='Pencapaian New Open Outlet'!I76 -> 0 | AC76: ='Pencapaian Active Outlet'!G76 -> 0.52763488 | AD76: ='Pencapaian Active Outlet'!I76 -> 0 | AE76: ='Pencapaian Item per Outlet'!G76 -> 0 | AF76: ='Pencapaian Item per Outlet'!I76 -> 0 | AG76: ='Pencapaian Product Display'!G76 -> 0 | AH76: ='Pencapaian Product Display'!I76 -> 0 | AI76: ='Pencapaian Sales Contract'!G76 -> 0 | AJ76: ='Pencapaian Sales Contract'!I76 -> 0 | AK76: ='Pencapaian Co-Branding'!G76 -> 0 | AL76: ='Pencapaian Co-Branding'!I76 -> 0 | AM76: ='Pencapaian Join Event Activity'!G76 -> 0 | AN76: ='Pencapaian Join Event Activity'!I76 -> 0 | AO76: =SUM(AN76,AL76,AJ76,AH76,AF76,AD76,AB76,Z76,X76,U76) -> 90000 | AP76: 0.16107054 | AQ76: =SUM(AQ72:AQ75) -> -9000 | AR76: 0.084134202 | AS76: =SUM(AS72:AS75) -> 0 | AT76: =SUM(AS76,AQ76,AO76) -> 81000 | AU76: =SUM(AU72:AU75) -> 56700 | AV76: =SUM(AV72:AV75) -> 24300
K77: Loading & Drop | M77: ='Pencapaian Sales Value'!I350 -> 220000 | R77: TOTAL AREA JAWA BARAT-2 | T77: ='Pencapaian Sales Value'!G77 -> 0.82895215 | U77: ='Pencapaian Sales Value'!I77 -> 3597000 | V77: ='Pencapaian Product Focus'!H77 -> 0.72680556 | W77: ='Pencapaian Product Focus'!L77 -> 0.72248062 | X77: ='Pencapaian Product Focus'!N77 -> 646500 | Y77: ='Pencapaian Effective Call'!G77 -> 0.85014925 | Z77: ='Pencapaian Effective Call'!I77 -> 1179750 | AA77: ='Pencapaian New Open Outlet'!G77 -> 0.2211776 | AB77: ='Pencapaian New Open Outlet'!I77 -> 0 | AC77: ='Pencapaian Active Outlet'!G77 -> 0.89526293 | AD77: ='Pencapaian Active Outlet'!I77 -> 686000 | AE77: ='Pencapaian Item per Outlet'!G77 -> 0.53551582 | AF77: ='Pencapaian Item per Outlet'!I77 -> 20000 | AG77: ='Pencapaian Product Display'!G77 -> 0 | AH77: ='Pencapaian Product Display'!I77 -> 0 | AI77: ='Pencapaian Sales Contract'!G77 -> 0 | AJ77: ='Pencapaian Sales Contract'!I77 -> 0 | AK77: ='Pencapaian Co-Branding'!G77 -> 0 | AL77: ='Pencapaian Co-Branding'!I77 -> 0 | AM77: ='Pencapaian Join Event Activity'!G77 -> 0 | AN77: ='Pencapaian Join Event Activity'!I77 -> 0 | AO77: =SUM(AN77,AL77,AJ77,AH77,AF77,AD77,AB77,Z77,X77,U77) -> 6129250 | AP77: 0.005327445 | AQ77: =SUM(AQ76,AQ71,AQ64) -> -58200 | AR77: 0.0022532301 | AS77: =SUM(AS76,AS71,AS64) -> -442800 | AT77: =SUM(AS77,AQ77,AO77) -> 5628250 | AU77: =SUM(AU76,AU71,AU64) -> 4096450 | AV77: =SUM(AV76,AV71,AV64) -> 1531800
AP78: *AR MT tetap muncul, tapi di sheet 'Pencairan' dikeluarkan dari pengurang insentif
M79: =SUM(M67:M77) -> 38916750 | N79: =M79-L63 -> 220000
N80: Selisih Delivery
P85: NAMA CABANG | Q85: ID | R85: SALESMAN | S85: TYPE SALES | T85: SALES VALUE | V85: PRODUCT FOCUS | Y85: EFFECTIVE CALL | AA85: NEW OPEN OUTLET | AC85: ACTIVE OUTLET | AE85: ITEM PER OUTLET | AG85: PRODUCT DISPLAY | AI85: SALES CONTRACT | AK85: CO-BRANDING | AM85: JOIN EVENT ACTIVITY | AO85: TOTAL | AP85: AR PERFORM | AT85: TOTAL INSENTIF DITERIMA | AU85: SALESMAN | AV85: DRIVER / HELPER
T86: PENCAPAIAN | U86: INSENTIF | V86: VOLUME | W86: RO | X86: INSENTIF | Y86: PENCAPAIAN | Z86: INSENTIF | AA86: PENCAPAIAN | AB86: INSENTIF | AC86: PENCAPAIAN | AD86: INSENTIF | AE86: PENCAPAIAN | AF86: INSENTIF | AG86: PENCAPAIAN | AH86: INSENTIF | AI86: PENCAPAIAN | AJ86: INSENTIF | AK86: PENCAPAIAN | AL86: INSENTIF | AM86: PENCAPAIAN | AN86: INSENTIF | AP86: OVERDUE | AQ86: PENGURANG INSENTIF | AR86: BAD DEBT | AS86: PENGURANG INSENTIF
P87: SUKABUMI | Q87: SKB-SLS-GT-002 | R87: Dede Suhendar | S87: 2 Orang | T87: ='Pencapaian Sales Value'!G87 -> 0.42701405 | U87: ='Pencapaian Sales Value'!I87 -> 0 | V87: ='Pencapaian Product Focus'!H87 -> 0 | W87: ='Pencapaian Product Focus'!L87 -> 0 | X87: ='Pencapaian Product Focus'!N87 -> 0 | Y87: ='Pencapaian Effective Call'!G87 -> 0.63733333 | Z87: ='Pencapaian Effective Call'!I87 -> 0 | AA87: ='Pencapaian New Open Outlet'!G87 -> 3.7 | AB87: ='Pencapaian New Open Outlet'!I87 -> 225000 | AC87: ='Pencapaian Active Outlet'!G87 -> 0.84571429 | AD87: ='Pencapaian Active Outlet'!I87 -> 45000 | AE87: ='Pencapaian Item per Outlet'!G87 -> 0 | AF87: ='Pencapaian Item per Outlet'!I87 -> 0 | AG87: ='Pencapaian Product Display'!G87 -> 0 | AH87: ='Pencapaian Product Display'!I87 -> 0 | AI87: ='Pencapaian Sales Contract'!G87 -> 0 | AJ87: ='Pencapaian Sales Contract'!I87 -> 0 | AK87: ='Pencapaian Co-Branding'!G87 -> 0 | AL87: ='Pencapaian Co-Branding'!I87 -> 0 | AM87: ='Pencapaian Join Event Activity'!G87 -> 0 | AN87: ='Pencapaian Join Event Activity'!I87 -> 0 | AO87: =SUM(AN87,AL87,AJ87,AH87,AF87,AD87,AB87,Z87,X87,U87) -> 270000 | AP87: 0.0046681903 | AQ87: =IF(AP87>=0.5%,-(AO87*10%),0) -> 0 | AR87: 0 | AS87: =IF(AR87>0,-(AO87+AQ87),0) -> 0 | AT87: =SUM(AS87,AQ87,AO87) -> 270000 | AU87: =AT87*70% -> 189000 | AV87: =AT87*30% -> 81000
Q88: SKB-SLS-GT-001 | R88: Mira Kusumawati | S88: 2 Orang | T88: ='Pencapaian Sales Value'!G88 -> 1.0391523 | U88: ='Pencapaian Sales Value'!I88 -> 450000 | V88: ='Pencapaian Product Focus'!H88 -> 0 | W88: ='Pencapaian Product Focus'!L88 -> 0 | X88: ='Pencapaian Product Focus'!N88 -> 0 | Y88: ='Pencapaian Effective Call'!G88 -> 0.89866667 | Z88: ='Pencapaian Effective Call'!I88 -> 90000 | AA88: ='Pencapaian New Open Outlet'!G88 -> 0.8 | AB88: ='Pencapaian New Open Outlet'!I88 -> 90000 | AC88: ='Pencapaian Active Outlet'!G88 -> 1.2733333 | AD88: ='Pencapaian Active Outlet'!I88 -> 112500 | AE88: ='Pencapaian Item per Outlet'!G88 -> 0 | AF88: ='Pencapaian Item per Outlet'!I88 -> 0 | AG88: ='Pencapaian Product Display'!G88 -> 0 | AH88: ='Pencapaian Product Display'!I88 -> 0 | AI88: ='Pencapaian Sales Contract'!G88 -> 0 | AJ88: ='Pencapaian Sales Contract'!I88 -> 0 | AK88: ='Pencapaian Co-Branding'!G88 -> 0 | AL88: ='Pencapaian Co-Branding'!I88 -> 0 | AM88: ='Pencapaian Join Event Activity'!G88 -> 0 | AN88: ='Pencapaian Join Event Activity'!I88 -> 0 | AO88: =SUM(AN88,AL88,AJ88,AH88,AF88,AD88,AB88,Z88,X88,U88) -> 742500 | AP88: 0 | AQ88: =IF(AP88>=0.5%,-(AO88*10%),0) -> 0 | AR88: 0 | AS88: =IF(AR88>0,-(AO88+AQ88),0) -> 0 | AT88: =SUM(AS88,AQ88,AO88) -> 742500 | AU88: =AT88*70% -> 519750 | AV88: =AT88*30% -> 222750
R89: OMAN SUMANTRI | S89: SPV | T89: ='Pencapaian Sales Value'!G89 -> 0.65077411 | U89: ='Pencapaian Sales Value'!I89 -> 0 | V89: ='Pencapaian Product Focus'!H89 -> 0 | W89: ='Pencapaian Product Focus'!L89 -> 0 | X89: ='Pencapaian Product Focus'!N89 -> 0 | Y89: ='Pencapaian Effective Call'!G89 -> 0.768 | Z89: ='Pencapaian Effective Call'!I89 -> 60000 | AA89: ='Pencapaian New Open Outlet'!G89 -> 2.25 | AB89: ='Pencapaian New Open Outlet'!I89 -> 336000 | AC89: ='Pencapaian Active Outlet'!G89 -> 1.0430769 | AD89: ='Pencapaian Active Outlet'!I89 -> 240000 | AE89: ='Pencapaian Item per Outlet'!G89 -> 0 | AF89: ='Pencapaian Item per Outlet'!I89 -> 0 | AG89: ='Pencapaian Product Display'!G89 -> 0 | AH89: ='Pencapaian Product Display'!I89 -> 0 | AI89: ='Pencapaian Sales Contract'!G89 -> 0 | AJ89: ='Pencapaian Sales Contract'!I89 -> 0 | AK89: ='Pencapaian Co-Branding'!G89 -> 0 | AL89: ='Pencapaian Co-Branding'!I89 -> 0 | AM89: ='Pencapaian Join Event Activity'!G89 -> 0 | AN89: ='Pencapaian Join Event Activity'!I89 -> 0 | AO89: =SUM(AN89,AL89,AJ89,AH89,AF89,AD89,AB89,Z89,X89,U89) -> 636000 | AP89: 0.0019434159 | AQ89: =IF(AP89>=0.5%,-(AO89*10%),0) -> 0 | AR89: 0 | AS89: =IF(AR89>0,-(AO89+AQ89),0) -> 0 | AT89: =SUM(AS89,AQ89,AO89) -> 636000 | AU89: =AT89 -> 636000 | AV89: 0
R90: TOTAL CABANG SUKABUMI | T90: ='Pencapaian Sales Value'!G90 -> 0.65077411 | U90: ='Pencapaian Sales Value'!I90 -> 450000 | V90: ='Pencapaian Product Focus'!H90 -> 0 | W90: ='Pencapaian Product Focus'!L90 -> 0 | X90: ='Pencapaian Product Focus'!N90 -> 0 | Y90: ='Pencapaian Effective Call'!G90 -> 0.768 | Z90: ='Pencapaian Effective Call'!I90 -> 150000 | AA90: ='Pencapaian New Open Outlet'!G90 -> 2.25 | AB90: ='Pencapaian New Open Outlet'!I90 -> 651000 | AC90: ='Pencapaian Active Outlet'!G90 -> 1.0430769 | AD90: ='Pencapaian Active Outlet'!I90 -> 397500 | AE90: ='Pencapaian Item per Outlet'!G90 -> 0 | AF90: ='Pencapaian Item per Outlet'!I90 -> 0 | AG90: ='Pencapaian Product Display'!G90 -> 0 | AH90: ='Pencapaian Product Display'!I90 -> 0 | AI90: ='Pencapaian Sales Contract'!G90 -> 0 | AJ90: ='Pencapaian Sales Contract'!I90 -> 0 | AK90: ='Pencapaian Co-Branding'!G90 -> 0 | AL90: ='Pencapaian Co-Branding'!I90 -> 0 | AM90: ='Pencapaian Join Event Activity'!G90 -> 0 | AN90: ='Pencapaian Join Event Activity'!I90 -> 0 | AO90: =SUM(AN90,AL90,AJ90,AH90,AF90,AD90,AB90,Z90,X90,U90) -> 1648500 | AP90: 0.0019434159 | AQ90: =SUM(AQ87:AQ89) -> 0 | AR90: 0 | AS90: =SUM(AS87:AS89) -> 0 | AT90: =SUM(AS90,AQ90,AO90) -> 1648500 | AU90: =SUM(AU87:AU89) -> 1344750 | AV90: =SUM(AV87:AV89) -> 303750
P91: BOGOR | Q91: TGR-SLS-GT-001 | R91: Candy Miranda | S91: 2 Orang | T91: ='Pencapaian Sales Value'!G91 -> 0.80873937 | U91: ='Pencapaian Sales Value'!I91 -> 225000 | V91: ='Pencapaian Product Focus'!H91 -> 0 | W91: ='Pencapaian Product Focus'!L91 -> 0 | X91: ='Pencapaian Product Focus'!N91 -> 0 | Y91: ='Pencapaian Effective Call'!G91 -> 0.73076923 | Z91: ='Pencapaian Effective Call'!I91 -> 45000 | AA91: ='Pencapaian New Open Outlet'!G91 -> 0.3 | AB91: ='Pencapaian New Open Outlet'!I91 -> 0 | AC91: ='Pencapaian Active Outlet'!G91 -> 0.60843373 | AD91: ='Pencapaian Active Outlet'!I91 -> 0 | AE91: ='Pencapaian Item per Outlet'!G91 -> 0 | AF91: ='Pencapaian Item per Outlet'!I91 -> 0 | AG91: ='Pencapaian Product Display'!G91 -> 0 | AH91: ='Pencapaian Product Display'!I91 -> 0 | AI91: ='Pencapaian Sales Contract'!G91 -> 0 | AJ91: ='Pencapaian Sales Contract'!I91 -> 0 | AK91: ='Pencapaian Co-Branding'!G91 -> 0 | AL91: ='Pencapaian Co-Branding'!I91 -> 0 | AM91: ='Pencapaian Join Event Activity'!G91 -> 0 | AN91: ='Pencapaian Join Event Activity'!I91 -> 0 | AO91: =SUM(AN91,AL91,AJ91,AH91,AF91,AD91,AB91,Z91,X91,U91) -> 270000 | AP91: 0 | AQ91: =IF(AP91>=0.5%,-(AO91*10%),0) -> 0 | AR91: 0 | AS91: =IF(AR91>0,-(AO91+AQ91),0) -> 0 | AT91: =SUM(AS91,AQ91,AO91) -> 270000 | AU91: =AT91*70% -> 189000 | AV91: =AT91*30% -> 81000
Q92: TGR-SLS-GT-002 | R92: Diki Wahyudin | S92: 2 Orang | T92: ='Pencapaian Sales Value'!G92 -> 0.65018427 | U92: ='Pencapaian Sales Value'!I92 -> 0 | V92: ='Pencapaian Product Focus'!H92 -> 0 | W92: ='Pencapaian Product Focus'!L92 -> 0 | X92: ='Pencapaian Product Focus'!N92 -> 0 | Y92: ='Pencapaian Effective Call'!G92 -> 0.46538462 | Z92: ='Pencapaian Effective Call'!I92 -> 0 | AA92: ='Pencapaian New Open Outlet'!G92 -> 0.3 | AB92: ='Pencapaian New Open Outlet'!I92 -> 0 | AC92: ='Pencapaian Active Outlet'!G92 -> 0.84705882 | AD92: ='Pencapaian Active Outlet'!I92 -> 45000 | AE92: ='Pencapaian Item per Outlet'!G92 -> 0 | AF92: ='Pencapaian Item per Outlet'!I92 -> 0 | AG92: ='Pencapaian Product Display'!G92 -> 0 | AH92: ='Pencapaian Product Display'!I92 -> 0 | AI92: ='Pencapaian Sales Contract'!G92 -> 0 | AJ92: ='Pencapaian Sales Contract'!I92 -> 0 | AK92: ='Pencapaian Co-Branding'!G92 -> 0 | AL92: ='Pencapaian Co-Branding'!I92 -> 0 | AM92: ='Pencapaian Join Event Activity'!G92 -> 0 | AN92: ='Pencapaian Join Event Activity'!I92 -> 0 | AO92: =SUM(AN92,AL92,AJ92,AH92,AF92,AD92,AB92,Z92,X92,U92) -> 45000 | AP92: 0.0073689783 | AQ92: =IF(AP92>=0.5%,-(AO92*10%),0) -> -4500 | AR92: 0 | AS92: =IF(AR92>0,-(AO92+AQ92),0) -> 0 | AT92: =SUM(AS92,AQ92,AO92) -> 40500 | AU92: =AT92*70% -> 28350 | AV92: =AT92*30% -> 12150
R93: DENI HERDIAN | S93: SPV | T93: ='Pencapaian Sales Value'!G93 -> 0.75324508 | U93: ='Pencapaian Sales Value'!I93 -> 120000 | V93: ='Pencapaian Product Focus'!H93 -> 0 | W93: ='Pencapaian Product Focus'!L93 -> 0 | X93: ='Pencapaian Product Focus'!N93 -> 0 | Y93: ='Pencapaian Effective Call'!G93 -> 0.61013986 | Z93: ='Pencapaian Effective Call'!I93 -> 0 | AA93: ='Pencapaian New Open Outlet'!G93 -> 0.3 | AB93: ='Pencapaian New Open Outlet'!I93 -> 0 | AC93: ='Pencapaian Active Outlet'!G93 -> 0.68924303 | AD93: ='Pencapaian Active Outlet'!I93 -> 0 | AE93: ='Pencapaian Item per Outlet'!G93 -> 0 | AF93: ='Pencapaian Item per Outlet'!I93 -> 0 | AG93: ='Pencapaian Product Display'!G93 -> 0 | AH93: ='Pencapaian Product Display'!I93 -> 0 | AI93: ='Pencapaian Sales Contract'!G93 -> 0 | AJ93: ='Pencapaian Sales Contract'!I93 -> 0 | AK93: ='Pencapaian Co-Branding'!G93 -> 0 | AL93: ='Pencapaian Co-Branding'!I93 -> 0 | AM93: ='Pencapaian Join Event Activity'!G93 -> 0 | AN93: ='Pencapaian Join Event Activity'!I93 -> 0 | AO93: =SUM(AN93,AL93,AJ93,AH93,AF93,AD93,AB93,Z93,X93,U93) -> 120000 | AP93: 0.0022238421 | AQ93: =IF(AP93>=0.5%,-(AO93*10%),0) -> 0 | AR93: 0 | AS93: =IF(AR93>0,-(AO93+AQ93),0) -> 0 | AT93: =SUM(AS93,AQ93,AO93) -> 120000 | AU93: =AT93 -> 120000 | AV93: 0
R94: TOTAL CABANG BOGOR | T94: ='Pencapaian Sales Value'!G94 -> 0.75324508 | U94: ='Pencapaian Sales Value'!I94 -> 345000 | V94: ='Pencapaian Product Focus'!H94 -> 0 | W94: ='Pencapaian Product Focus'!L94 -> 0 | X94: ='Pencapaian Product Focus'!N94 -> 0 | Y94: ='Pencapaian Effective Call'!G94 -> 0.61013986 | Z94: ='Pencapaian Effective Call'!I94 -> 45000 | AA94: ='Pencapaian New Open Outlet'!G94 -> 0.3 | AB94: ='Pencapaian New Open Outlet'!I94 -> 0 | AC94: ='Pencapaian Active Outlet'!G94 -> 0.68924303 | AD94: ='Pencapaian Active Outlet'!I94 -> 45000 | AE94: ='Pencapaian Item per Outlet'!G94 -> 0 | AF94: ='Pencapaian Item per Outlet'!I94 -> 0 | AG94: ='Pencapaian Product Display'!G94 -> 0 | AH94: ='Pencapaian Product Display'!I94 -> 0 | AI94: ='Pencapaian Sales Contract'!G94 -> 0 | AJ94: ='Pencapaian Sales Contract'!I94 -> 0 | AK94: ='Pencapaian Co-Branding'!G94 -> 0 | AL94: ='Pencapaian Co-Branding'!I94 -> 0 | AM94: ='Pencapaian Join Event Activity'!G94 -> 0 | AN94: ='Pencapaian Join Event Activity'!I94 -> 0 | AO94: =SUM(AN94,AL94,AJ94,AH94,AF94,AD94,AB94,Z94,X94,U94) -> 435000 | AP94: 0.0022238421 | AQ94: =SUM(AQ91:AQ93) -> -4500 | AR94: 0 | AS94: =SUM(AS91:AS93) -> 0 | AT94: =SUM(AS94,AQ94,AO94) -> 430500 | AU94: =SUM(AU91:AU93) -> 337350 | AV94: =SUM(AV91:AV93) -> 93150
R95: TOTAL AREA JAWA BARAT-3 | T95: ='Pencapaian Sales Value'!G95 -> 0.71673365 | U95: ='Pencapaian Sales Value'!I95 -> 795000 | V95: ='Pencapaian Product Focus'!H95 -> 0 | W95: ='Pencapaian Product Focus'!L95 -> 0 | X95: ='Pencapaian Product Focus'!N95 -> 0 | Y95: ='Pencapaian Effective Call'!G95 -> 0.69969743 | Z95: ='Pencapaian Effective Call'!I95 -> 195000 | AA95: ='Pencapaian New Open Outlet'!G95 -> 1.275 | AB95: ='Pencapaian New Open Outlet'!I95 -> 651000 | AC95: ='Pencapaian Active Outlet'!G95 -> 0.88888889 | AD95: ='Pencapaian Active Outlet'!I95 -> 442500 | AE95: ='Pencapaian Item per Outlet'!G95 -> 0 | AF95: ='Pencapaian Item per Outlet'!I95 -> 0 | AG95: ='Pencapaian Product Display'!G95 -> 0 | AH95: ='Pencapaian Product Display'!I95 -> 0 | AI95: ='Pencapaian Sales Contract'!G95 -> 0 | AJ95: ='Pencapaian Sales Contract'!I95 -> 0 | AK95: ='Pencapaian Co-Branding'!G95 -> 0 | AL95: ='Pencapaian Co-Branding'!I95 -> 0 | AM95: ='Pencapaian Join Event Activity'!G95 -> 0 | AN95: ='Pencapaian Join Event Activity'!I95 -> 0 | AO95: =SUM(AN95,AL95,AJ95,AH95,AF95,AD95,AB95,Z95,X95,U95) -> 2083500 | AP95: 0.0021331853 | AQ95: =SUM(AQ94,AQ90) -> -4500 | AR95: 0 | AS95: =SUM(AS94,AS90) -> 0 | AT95: =SUM(AS95,AQ95,AO95) -> 2079000 | AU95: =SUM(AU90,AU94) -> 1682100 | AV95: =SUM(AV90,AV94) -> 396900
P103: NAMA CABANG | Q103: ID | R103: SALESMAN | S103: TYPE SALES | T103: SALES VALUE | V103: PRODUCT FOCUS | Y103: EFFECTIVE CALL | AA103: NEW OPEN OUTLET | AC103: ACTIVE OUTLET | AE103: ITEM PER OUTLET | AG103: PRODUCT DISPLAY | AI103: SALES CONTRACT | AK103: CO-BRANDING | AM103: JOIN EVENT ACTIVITY | AO103: TOTAL | AP103: AR PERFORM | AT103: TOTAL INSENTIF DITERIMA | AU103: SALESMAN | AV103: DRIVER / HELPER
T104: PENCAPAIAN | U104: INSENTIF | V104: VOLUME | W104: RO | X104: INSENTIF | Y104: PENCAPAIAN | Z104: INSENTIF | AA104: PENCAPAIAN | AB104: INSENTIF | AC104: PENCAPAIAN | AD104: INSENTIF | AE104: PENCAPAIAN | AF104: INSENTIF | AG104: PENCAPAIAN | AH104: INSENTIF | AI104: PENCAPAIAN | AJ104: INSENTIF | AK104: PENCAPAIAN | AL104: INSENTIF | AM104: PENCAPAIAN | AN104: INSENTIF | AP104: OVERDUE | AQ104: PENGURANG INSENTIF | AR104: BAD DEBT | AS104: PENGURANG INSENTIF
P105: TEGAL | Q105: TGL-SLS-GT-001 | R105: Yonatan | S105: 2 Orang | T105: ='Pencapaian Sales Value'!G105 -> 0.66350593 | U105: ='Pencapaian Sales Value'!I105 -> 0 | V105: ='Pencapaian Product Focus'!H105 -> 0.75574074 | W105: ='Pencapaian Product Focus'!L105 -> 0.375 | X105: ='Pencapaian Product Focus'!N105 -> 22500 | Y105: ='Pencapaian Effective Call'!G105 -> 0.6 | Z105: ='Pencapaian Effective Call'!I105 -> 0 | AA105: ='Pencapaian New Open Outlet'!G105 -> 0.61538462 | AB105: ='Pencapaian New Open Outlet'!I105 -> 0 | AC105: ='Pencapaian Active Outlet'!G105 -> 0.7 | AD105: ='Pencapaian Active Outlet'!I105 -> 0 | AE105: ='Pencapaian Item per Outlet'!G105 -> 0 | AF105: ='Pencapaian Item per Outlet'!I105 -> 0 | AG105: ='Pencapaian Product Display'!G105 -> 0 | AH105: ='Pencapaian Product Display'!I105 -> 0 | AI105: ='Pencapaian Sales Contract'!G105 -> 0 | AJ105: ='Pencapaian Sales Contract'!I105 -> 0 | AK105: ='Pencapaian Co-Branding'!G105 -> 0 | AL105: ='Pencapaian Co-Branding'!I105 -> 0 | AM105: ='Pencapaian Join Event Activity'!G105 -> 0 | AN105: ='Pencapaian Join Event Activity'!I105 -> 0 | AO105: =SUM(AN105,AL105,AJ105,AH105,AF105,AD105,AB105,Z105,X105,U105) -> 22500 | AP105: 0.024025016 | AQ105: =IF(AP105>=0.5%,-(AO105*10%),0) -> -2250 | AR105: 0.022328082 | AS105: =IF(AR105>0,-(AO105+AQ105),0) -> -20250 | AT105: =SUM(AS105,AQ105,AO105) -> 0 | AU105: =AT105*70% -> 0 | AV105: =AT105*30% -> 0
Q106: TGL-SLS-GT-002 | R106: Danu Mujiarto | S106: 2 Orang | T106: ='Pencapaian Sales Value'!G106 -> 0.81200816 | U106: ='Pencapaian Sales Value'!I106 -> 225000 | V106: ='Pencapaian Product Focus'!H106 -> 1.2214815 | W106: ='Pencapaian Product Focus'!L106 -> 0.73846154 | X106: ='Pencapaian Product Focus'!N106 -> 135000 | Y106: ='Pencapaian Effective Call'!G106 -> 1.0434783 | Z106: ='Pencapaian Effective Call'!I106 -> 135000 | AA106: ='Pencapaian New Open Outlet'!G106 -> 0.30769231 | AB106: ='Pencapaian New Open Outlet'!I106 -> 0 | AC106: ='Pencapaian Active Outlet'!G106 -> 0.93076923 | AD106: ='Pencapaian Active Outlet'!I106 -> 0 | AE106: ='Pencapaian Item per Outlet'!G106 -> 0 | AF106: ='Pencapaian Item per Outlet'!I106 -> 0 | AG106: ='Pencapaian Product Display'!G106 -> 0 | AH106: ='Pencapaian Product Display'!I106 -> 0 | AI106: ='Pencapaian Sales Contract'!G106 -> 0 | AJ106: ='Pencapaian Sales Contract'!I106 -> 0 | AK106: ='Pencapaian Co-Branding'!G106 -> 0 | AL106: ='Pencapaian Co-Branding'!I106 -> 0 | AM106: ='Pencapaian Join Event Activity'!G106 -> 0 | AN106: ='Pencapaian Join Event Activity'!I106 -> 0 | AO106: =SUM(AN106,AL106,AJ106,AH106,AF106,AD106,AB106,Z106,X106,U106) -> 495000 | AP106: 0 | AQ106: =IF(AP106>=0.5%,-(AO106*10%),0) -> 0 | AR106: 0 | AS106: =IF(AR106>0,-(AO106+AQ106),0) -> 0 | AT106: =SUM(AS106,AQ106,AO106) -> 495000 | AU106: =AT106*70% -> 346500 | AV106: =AT106*30% -> 148500
Q107: TGL-SLS-GT-003 | R107: Ikmal | T107: ='Pencapaian Sales Value'!G107 -> 0 | U107: ='Pencapaian Sales Value'!I107 -> 0 | V107: ='Pencapaian Product Focus'!H107 -> 0 | W107: ='Pencapaian Product Focus'!L107 -> 0 | X107: ='Pencapaian Product Focus'!N107 -> 0 | Y107: ='Pencapaian Effective Call'!G107 -> 0 | Z107: ='Pencapaian Effective Call'!I107 -> 0 | AA107: ='Pencapaian New Open Outlet'!G107 -> 0 | AB107: ='Pencapaian New Open Outlet'!I107 -> 0 | AC107: ='Pencapaian Active Outlet'!G107 -> 0 | AD107: ='Pencapaian Active Outlet'!I107 -> 0 | AE107: ='Pencapaian Item per Outlet'!G107 -> 0 | AF107: ='Pencapaian Item per Outlet'!I107 -> 0 | AG107: ='Pencapaian Product Display'!G107 -> 0 | AH107: ='Pencapaian Product Display'!I107 -> 0 | AI107: ='Pencapaian Sales Contract'!G107 -> 0 | AJ107: ='Pencapaian Sales Contract'!I107 -> 0 | AK107: ='Pencapaian Co-Branding'!G107 -> 0 | AL107: ='Pencapaian Co-Branding'!I107 -> 0 | AM107: ='Pencapaian Join Event Activity'!G107 -> 0 | AN107: ='Pencapaian Join Event Activity'!I107 -> 0 | AO107: =SUM(AN107,AL107,AJ107,AH107,AF107,AD107,AB107,Z107,X107,U107) -> 0 | AP107: 0 | AQ107: =IF(AP107>=0.5%,-(AO107*10%),0) -> 0 | AR107: 0 | AS107: =IF(AR107>0,-(AO107+AQ107),0) -> 0 | AT107: =SUM(AS107,AQ107,AO107) -> 0
R108: RITA IRANINGSIH | S108: SPV | T108: ='Pencapaian Sales Value'!G108 -> 0.74106037 | U108: ='Pencapaian Sales Value'!I108 -> 120000 | V108: ='Pencapaian Product Focus'!H108 -> 0.98861111 | W108: ='Pencapaian Product Focus'!L108 -> 0.564 | X108: ='Pencapaian Product Focus'!N108 -> 84000 | Y108: ='Pencapaian Effective Call'!G108 -> 0.84285714 | Z108: ='Pencapaian Effective Call'!I108 -> 0 | AA108: ='Pencapaian New Open Outlet'!G108 -> 0.46153846 | AB108: ='Pencapaian New Open Outlet'!I108 -> 0 | AC108: ='Pencapaian Active Outlet'!G108 -> 0.825 | AD108: ='Pencapaian Active Outlet'!I108 -> 108000 | AE108: ='Pencapaian Item per Outlet'!G108 -> 0 | AF108: ='Pencapaian Item per Outlet'!I108 -> 0 | AG108: ='Pencapaian Product Display'!G108 -> 0 | AH108: ='Pencapaian Product Display'!I108 -> 0 | AI108: ='Pencapaian Sales Contract'!G108 -> 0 | AJ108: ='Pencapaian Sales Contract'!I108 -> 0 | AK108: ='Pencapaian Co-Branding'!G108 -> 0 | AL108: ='Pencapaian Co-Branding'!I108 -> 0 | AM108: ='Pencapaian Join Event Activity'!G108 -> 0 | AN108: ='Pencapaian Join Event Activity'!I108 -> 0 | AO108: =SUM(AN108,AL108,AJ108,AH108,AF108,AD108,AB108,Z108,X108,U108) -> 312000 | AP108: 0.010276868 | AQ108: =IF(AP108>=0.5%,-(AO108*10%),0) -> -31200 | AR108: 0.0095509926 | AS108: =IF(AR108>0,-(AO108+AQ108),0) -> -280800 | AT108: =SUM(AS108,AQ108,AO108) -> 0 | AU108: =AT108 -> 0 | AV108: 0
R109: TOTAL CABANG TEGAL | T109: ='Pencapaian Sales Value'!G109 -> 0.74106037 | U109: ='Pencapaian Sales Value'!I109 -> 345000 | V109: ='Pencapaian Product Focus'!H109 -> 0.98861111 | W109: ='Pencapaian Product Focus'!L109 -> 0.564 | X109: ='Pencapaian Product Focus'!N109 -> 241500 | Y109: ='Pencapaian Effective Call'!G109 -> 0.84285714 | Z109: ='Pencapaian Effective Call'!I109 -> 135000 | AA109: ='Pencapaian New Open Outlet'!G109 -> 0.46153846 | AB109: ='Pencapaian New Open Outlet'!I109 -> 0 | AC109: ='Pencapaian Active Outlet'!G109 -> 0.825 | AD109: ='Pencapaian Active Outlet'!I109 -> 108000 | AE109: ='Pencapaian Item per Outlet'!G109 -> 0 | AF109: ='Pencapaian Item per Outlet'!I109 -> 0 | AG109: ='Pencapaian Product Display'!G109 -> 0 | AH109: ='Pencapaian Product Display'!I109 -> 0 | AI109: ='Pencapaian Sales Contract'!G109 -> 0 | AJ109: ='Pencapaian Sales Contract'!I109 -> 0 | AK109: ='Pencapaian Co-Branding'!G109 -> 0 | AL109: ='Pencapaian Co-Branding'!I109 -> 0 | AM109: ='Pencapaian Join Event Activity'!G109 -> 0 | AN109: ='Pencapaian Join Event Activity'!I109 -> 0 | AO109: =SUM(AN109,AL109,AJ109,AH109,AF109,AD109,AB109,Z109,X109,U109) -> 829500 | AP109: 0.010276868 | AQ109: =SUM(AQ105:AQ108) -> -33450 | AR109: 0.0095509926 | AS109: =SUM(AS105:AS108) -> -301050 | AT109: =SUM(AS109,AQ109,AO109) -> 495000 | AU109: =SUM(AU105:AU108) -> 346500 | AV109: =SUM(AV105:AV108) -> 148500
P110: WANGON | Q110: WGN-SLS-GT-001 | R110: Novri Alvarizi | S110: TO | T110: ='Pencapaian Sales Value'!G110 -> 0.61720877 | U110: ='Pencapaian Sales Value'!I110 -> 0 | V110: ='Pencapaian Product Focus'!H110 -> 0.80357143 | W110: ='Pencapaian Product Focus'!L110 -> 0.74285714 | X110: ='Pencapaian Product Focus'!N110 -> 49500 | Y110: ='Pencapaian Effective Call'!G110 -> 0.96923077 | Z110: ='Pencapaian Effective Call'!I110 -> 74250 | AA110: ='Pencapaian New Open Outlet'!G110 -> 0.25 | AB110: ='Pencapaian New Open Outlet'!I110 -> 0 | AC110: ='Pencapaian Active Outlet'!G110 -> 0.79354839 | AD110: ='Pencapaian Active Outlet'!I110 -> 0 | AE110: ='Pencapaian Item per Outlet'!G110 -> 0 | AF110: ='Pencapaian Item per Outlet'!I110 -> 0 | AG110: ='Pencapaian Product Display'!G110 -> 0 | AH110: ='Pencapaian Product Display'!I110 -> 0 | AI110: ='Pencapaian Sales Contract'!G110 -> 0 | AJ110: ='Pencapaian Sales Contract'!I110 -> 0 | AK110: ='Pencapaian Co-Branding'!G110 -> 0 | AL110: ='Pencapaian Co-Branding'!I110 -> 0 | AM110: ='Pencapaian Join Event Activity'!G110 -> 0 | AN110: ='Pencapaian Join Event Activity'!I110 -> 0 | AO110: =SUM(AN110,AL110,AJ110,AH110,AF110,AD110,AB110,Z110,X110,U110) -> 123750 | AP110: 0 | AQ110: =IF(AP110>=0.5%,-(AO110*10%),0) -> 0 | AR110: 0 | AS110: =IF(AR110>0,-(AO110+AQ110),0) -> 0 | AT110: =SUM(AS110,AQ110,AO110) -> 123750 | AU110: =AT110 -> 123750 | AV110: 0
Q111: WGN-SLS-GT-002 | R111: Faria Ummi Kulsum | S111: TO | T111: ='Pencapaian Sales Value'!G111 -> 0.54128966 | U111: ='Pencapaian Sales Value'!I111 -> 0 | V111: ='Pencapaian Product Focus'!H111 -> 0.55714286 | W111: ='Pencapaian Product Focus'!L111 -> 0.54545455 | X111: ='Pencapaian Product Focus'!N111 -> 0 | Y111: ='Pencapaian Effective Call'!G111 -> 0.70869565 | Z111: ='Pencapaian Effective Call'!I111 -> 24750 | AA111: ='Pencapaian New Open Outlet'!G111 -> 0.75 | AB111: ='Pencapaian New Open Outlet'!I111 -> 24750 | AC111: ='Pencapaian Active Outlet'!G111 -> 0.85714286 | AD111: ='Pencapaian Active Outlet'!I111 -> 0 | AE111: ='Pencapaian Item per Outlet'!G111 -> 0 | AF111: ='Pencapaian Item per Outlet'!I111 -> 0 | AG111: ='Pencapaian Product Display'!G111 -> 0 | AH111: ='Pencapaian Product Display'!I111 -> 0 | AI111: ='Pencapaian Sales Contract'!G111 -> 0 | AJ111: ='Pencapaian Sales Contract'!I111 -> 0 | AK111: ='Pencapaian Co-Branding'!G111 -> 0 | AL111: ='Pencapaian Co-Branding'!I111 -> 0 | AM111: ='Pencapaian Join Event Activity'!G111 -> 0 | AN111: ='Pencapaian Join Event Activity'!I111 -> 0 | AO111: =SUM(AN111,AL111,AJ111,AH111,AF111,AD111,AB111,Z111,X111,U111) -> 49500 | AP111: 0 | AQ111: =IF(AP111>=0.5%,-(AO111*10%),0) -> 0 | AR111: 0 | AS111: =IF(AR111>0,-(AO111+AQ111),0) -> 0 | AT111: =SUM(AS111,AQ111,AO111) -> 49500 | AU111: =AT111 -> 49500 | AV111: 0
Q112: WGN-SLS-GT-004 | R112: Soimin | S112: TO | T112: ='Pencapaian Sales Value'!G112 -> 1.0025592 | U112: ='Pencapaian Sales Value'!I112 -> 330000 | V112: ='Pencapaian Product Focus'!H112 -> 0.96875 | W112: ='Pencapaian Product Focus'!L112 -> 0.75 | X112: ='Pencapaian Product Focus'!N112 -> 66000 | Y112: ='Pencapaian Effective Call'!G112 -> 0.94117647 | Z112: ='Pencapaian Effective Call'!I112 -> 74250 | AA112: ='Pencapaian New Open Outlet'!G112 -> 0.375 | AB112: ='Pencapaian New Open Outlet'!I112 -> 0 | AC112: ='Pencapaian Active Outlet'!G112 -> 0.9030303 | AD112: ='Pencapaian Active Outlet'!I112 -> 0 | AE112: ='Pencapaian Item per Outlet'!G112 -> 0 | AF112: ='Pencapaian Item per Outlet'!I112 -> 0 | AG112: ='Pencapaian Product Display'!G112 -> 0 | AH112: ='Pencapaian Product Display'!I112 -> 0 | AI112: ='Pencapaian Sales Contract'!G112 -> 0 | AJ112: ='Pencapaian Sales Contract'!I112 -> 0 | AK112: ='Pencapaian Co-Branding'!G112 -> 0 | AL112: ='Pencapaian Co-Branding'!I112 -> 0 | AM112: ='Pencapaian Join Event Activity'!G112 -> 0 | AN112: ='Pencapaian Join Event Activity'!I112 -> 0 | AO112: =SUM(AN112,AL112,AJ112,AH112,AF112,AD112,AB112,Z112,X112,U112) -> 470250 | AP112: 0 | AQ112: =IF(AP112>=0.5%,-(AO112*10%),0) -> 0 | AR112: 0 | AS112: =IF(AR112>0,-(AO112+AQ112),0) -> 0 | AT112: =SUM(AS112,AQ112,AO112) -> 470250 | AU112: =AT112 -> 470250 | AV112: 0
...

Sheet Rekap Insentif ASM
B2: LAMPIRAN INSENTIF ASM
B4: AREA | C4: NAMA ASM | D4: TYPE SALES | E4: SALES VALUE | G4: ACTIVE OUTLET | I4: TOTAL | J4: AR PERFORM | N4: TOTAL INSENTIF DITERIMA
E5: PENCAPAIAN | F5: INSENTIF | G5: PENCAPAIAN | H5: INSENTIF | J5: OVERDUE (>30 HARI) | K5: PENGURANG INSENTIF | L5: BAD DEBT | M5: PENGURANG INSENTIF
B6: ='Pencapaian ASM'!B7 -> JABAR-1 | C6: ='Pencapaian ASM'!C7 -> BENNY HERDIANA | D6: ='Pencapaian ASM'!G7 -> ASM | E6: ='Pencapaian ASM'!F7 -> 0.89525819 | F6: ='Pencapaian ASM'!H7 -> 472500 | G6: ='Pencapaian ASM'!F26 -> 0.98463256 | H6: ='Pencapaian ASM'!H26 -> 315000 | I6: =SUM(H6,F6) -> 787500 | J6: ='Rekap Insentif Sales'!AP40 -> 0.0091240407 | K6: =IF(J6>=0.5%,-I6*20%,0) -> -157500 | L6: ='Rekap Insentif Sales'!AR40 -> 8.4008463e-05 | M6: =IF(L6>0,-(I6+K6),0) -> -630000 | N6: =I6+K6+M6 -> 0
B7: ='Pencapaian ASM'!B8 -> JABAR-2 | C7: ='Pencapaian ASM'!C8 -> ARIS JOHAR | D7: ='Pencapaian ASM'!G8 -> ASM | E7: ='Pencapaian ASM'!F8 -> 0.82895215 | F7: ='Pencapaian ASM'!H8 -> 472500 | G7: ='Pencapaian ASM'!F27 -> 0.89526293 | H7: ='Pencapaian ASM'!H27 -> 202500 | I7: =SUM(H7,F7) -> 675000 | J7: ='Rekap Insentif Sales'!AP77 -> 0.005327445 | K7: =IF(J7>=0.5%,-I7*20%,0) -> -135000 | L7: ='Rekap Insentif Sales'!AR77 -> 0.0022532301 | M7: =IF(L7>0,-(I7+K7),0) -> -540000 | N7: =I7+K7+M7 -> 0
B8: ='Pencapaian ASM'!B9 -> JABAR-3 | C8: ='Pencapaian ASM'!C9 -> ANDREAS PREMADYA | D8: ='Pencapaian ASM'!G9 -> ASM | E8: ='Pencapaian ASM'!F9 -> 0.71673365 | F8: ='Pencapaian ASM'!H9 -> 262500 | G8: ='Pencapaian ASM'!F28 -> 0.88888889 | H8: ='Pencapaian ASM'!H28 -> 202500 | I8: =SUM(H8,F8) -> 465000 | J8: ='Rekap Insentif Sales'!AP95 -> 0.0021331853 | K8: =IF(J8>=0.5%,-I8*20%,0) -> 0 | L8: ='Rekap Insentif Sales'!AR95 -> 0 | M8: =IF(L8>0,-(I8+K8),0) -> 0 | N8: =I8+K8+M8 -> 465000
B9: ='Pencapaian ASM'!B10 -> JATENG | C9: ='Pencapaian ASM'!C10 -> UUT KURNIAWAN | D9: ='Pencapaian ASM'!G10 -> ASM | E9: ='Pencapaian ASM'!F10 -> 0.70096802 | F9: ='Pencapaian ASM'!H10 -> 262500 | G9: ='Pencapaian ASM'!F29 -> 0.71034483 | H9: ='Pencapaian ASM'!H29 -> 112500 | I9: =SUM(H9,F9) -> 375000 | J9: ='Rekap Insentif Sales'!AP147 -> 0.0025767704 | K9: =IF(J9>=0.5%,-I9*20%,0) -> 0 | L9: ='Rekap Insentif Sales'!AR147 -> 0.0014758135 | M9: =IF(L9>0,-(I9+K9),0) -> -375000 | N9: =I9+K9+M9 -> 0
B10: ='Pencapaian ASM'!B11 -> JATIM | C10: ='Pencapaian ASM'!C11 -> ADI HARMONO | D10: ='Pencapaian ASM'!G11 -> ASM | E10: ='Pencapaian ASM'!F11 -> 0.6736298 | F10: ='Pencapaian ASM'!H11 -> 0 | G10: ='Pencapaian ASM'!F30 -> 0.40988659 | H10: ='Pencapaian ASM'!H30 -> 0 | I10: =SUM(H10,F10) -> 0 | J10: ='Rekap Insentif Sales'!AP315 -> 0 | K10: =IF(J10>=0.5%,-I10*20%,0) -> 0 | L10: ='Rekap Insentif Sales'!AR315 -> 0 | M10: =IF(L10>0,-(I10+K10),0) -> 0 | N10: =I10+K10+M10 -> 0
B11: ='Pencapaian ASM'!B12 -> IDN | C11: ='Pencapaian ASM'!C12 -> (VACANT) | D11: ='Pencapaian ASM'!G12 -> ASM | E11: ='Pencapaian ASM'!F12 -> 0.25089459 | F11: ='Pencapaian ASM'!H12 -> 0 | G11: ='Pencapaian ASM'!F31 -> 0.421875 | H11: ='Pencapaian ASM'!H31 -> 0 | I11: =SUM(H11,F11) -> 0 | J11: ='Rekap Insentif Sales'!AP331 -> 0 | K11: =IF(J11>=0.5%,-I11*20%,0) -> 0 | L11: ='Rekap Insentif Sales'!AR331 -> 0 | M11: =IF(L11>0,-(I11+K11),0) -> 0 | N11: =I11+K11+M11 -> 0
B12: ='Pencapaian ASM'!B13 -> BDS | C12: ='Pencapaian ASM'!C13 -> NUR ALIF | D12: ='Pencapaian ASM'!G13 -> ASM | E12: ='Pencapaian ASM'!F13 -> 0.12641629 | F12: ='Pencapaian ASM'!H13 -> 0 | G12: ='Pencapaian ASM'!F32 -> 0.09 | H12: ='Pencapaian ASM'!H32 -> 0 | I12: =SUM(H12,F12) -> 0 | J12: ='Rekap Insentif Sales'!AP332 -> 0 | K12: =IF(J12>=0.5%,-I12*20%,0) -> 0 | L12: ='Rekap Insentif Sales'!AR332 -> 0 | M12: =IF(L12>0,-(I12+K12),0) -> 0 | N12: =I12+K12+M12 -> 0
B13: ='Pencapaian ASM'!B14 -> SSS | C13: ='Pencapaian ASM'!C14 -> FAUZAN | D13: ='Pencapaian ASM'!G14 -> ASM | E13: ='Pencapaian ASM'!F14 -> 0.88680129 | F13: ='Pencapaian ASM'!H14 -> 160000 | G13: ='Pencapaian ASM'!F33 -> 0.77391304 | H13: ='Pencapaian ASM'!H33 -> 0 | I13: =SUM(H13,F13) -> 160000 | J13: ='Rekap Insentif Sales'!AP190 -> 0 | K13: =IF(J13>=0.5%,-I13*20%,0) -> 0 | L13: ='Rekap Insentif Sales'!AR190 -> 0 | M13: =IF(L13>0,-(I13+K13),0) -> 0 | N13: =I13+K13+M13 -> 160000
B14: ='Pencapaian ASM'!B15 -> SSS | C14: ='Pencapaian ASM'!C15 -> ARIEK | D14: ='Pencapaian ASM'!G15 -> ASM | E14: ='Pencapaian ASM'!F15 -> 0.45799976 | F14: ='Pencapaian ASM'!H15 -> 0 | G14: ='Pencapaian ASM'!F34 -> 0.24057971 | H14: ='Pencapaian ASM'!H34 -> 0 | I14: =SUM(H14,F14) -> 0 | J14: ='Rekap Insentif Sales'!AP226 -> 0 | K14: =IF(J14>=0.5%,-I14*20%,0) -> 0 | L14: ='Rekap Insentif Sales'!AR226 -> 0 | M14: =IF(L14>0,-(I14+K14),0) -> 0 | N14: =I14+K14+M14 -> 0
B15: ='Pencapaian ASM'!B16 -> SSS | C15: ='Pencapaian ASM'!C16 -> DEDDY | D15: ='Pencapaian ASM'!G16 -> ASM | E15: ='Pencapaian ASM'!F16 -> 0.48716104 | F15: ='Pencapaian ASM'!H16 -> 0 | G15: ='Pencapaian ASM'!F35 -> 0.29918699 | H15: ='Pencapaian ASM'!H35 -> 0 | I15: =SUM(H15,F15) -> 0 | J15: ='Rekap Insentif Sales'!AP259 -> 0 | K15: =IF(J15>=0.5%,-I15*20%,0) -> 0 | L15: ='Rekap Insentif Sales'!AR259 -> 0 | M15: =IF(L15>0,-(I15+K15),0) -> 0 | N15: =I15+K15+M15 -> 0
B16: ='Pencapaian ASM'!B17 -> SSS | C16: ='Pencapaian ASM'!C17 -> HENDRIK | D16: ='Pencapaian ASM'!G17 -> ASM | E16: ='Pencapaian ASM'!F17 -> 0.55761453 | F16: ='Pencapaian ASM'!H17 -> 0 | G16: ='Pencapaian ASM'!F36 -> 0.20322581 | H16: ='Pencapaian ASM'!H36 -> 0 | I16: =SUM(H16,F16) -> 0 | J16: ='Rekap Insentif Sales'!AP281 -> 0 | K16: =IF(J16>=0.5%,-I16*20%,0) -> 0 | L16: ='Rekap Insentif Sales'!AR281 -> 0 | M16: =IF(L16>0,-(I16+K16),0) -> 0 | N16: =I16+K16+M16 -> 0
B17: ='Pencapaian ASM'!B18 -> SSS | C17: ='Pencapaian ASM'!C18 -> MUTAQIN | D17: ='Pencapaian ASM'!G18 -> ASM | E17: ='Pencapaian ASM'!F18 -> 0.053081241 | F17: ='Pencapaian ASM'!H18 -> 0 | G17: ='Pencapaian ASM'!F37 -> 0.056273447 | H17: ='Pencapaian ASM'!H37 -> 0 | I17: =SUM(H17,F17) -> 0 | J17: ='Rekap Insentif Sales'!AP314 -> 0 | K17: =IF(J17>=0.5%,-I17*20%,0) -> 0 | L17: ='Rekap Insentif Sales'!AR314 -> 0 | M17: =IF(L17>0,-(I17+K17),0) -> 0 | N17: =I17+K17+M17 -> 0
B18: ='Pencapaian ASM'!B19 -> TMP | C18: ='Pencapaian ASM'!C19 -> (VACANT) | D18: ='Pencapaian ASM'!G19 -> ASM | E18: ='Pencapaian ASM'!F19 -> 1.0635302 | F18: ='Pencapaian ASM'!H19 -> 240000 | G18: ='Pencapaian ASM'!F38 -> 0.93 | H18: ='Pencapaian ASM'!H38 -> 300000 | I18: =SUM(H18,F18) -> 540000 | J18: ='Rekap Insentif Sales'!AP338 -> 0 | K18: =IF(J18>=0.5%,-I18*20%,0) -> 0 | L18: ='Rekap Insentif Sales'!AR338 -> 0 | M18: =IF(L18>0,-(I18+K18),0) -> 0 | N18: =I18+K18+M18 -> 540000
B19: TOTAL PENCAPAIAN ASM | I19: =SUM(I6:I18) -> 3002500 | K19: =SUM(K6:K18) -> -292500 | M19: =SUM(M6:M18) -> -1545000 | N19: =SUM(N6:N18) -> 1165000
J20: *Penalty tim Dist dihitung jika OD > 90 hari
J21: *AR MT tetap muncul, tapi di sheet 'Pencairan' dikeluarkan dari pengurang insentif
B24: Diajukan Oleh, | D24: Diperiksa Oleh, | G24: Diketahui Oleh, | N24: Diperiksa Oleh,
B25: Sales Admin Staff | D25: Sales Admin Staff | G25: RSM Barat | J25: RSM Timur | N25: Sekretaris Direksi | Q25: Finance & Adm. Coordinator
B30: Nama: | C30: Vionisya Octamelia | D30: Nama: | E30: Fuji Febiyana | G30: Nama: | H30: Sulin Rohdiansah | J30: Nama: | K30: Ahmad Oka Sugio | N30: Nama: | O30: Alpan Ramadan | Q30: Nama: | R30: Elmalia Hesti Pratiwi
B31: Tanggal: | C31: (07 September 2026) | D31: Tanggal: | E31: (________________) | G31: Tanggal: | H31: (________________) | J31: Tanggal: | K31: (________________) | N31: Tanggal: | O31: (________________) | Q31: Tanggal: | R31: (________________)
C32: Rev. 09 September 2026
B34: *Canvasser, TO, ASS, ASM, KAE (MT), KAS (MT), AE (Horeca), AS (Horeca), Delivery Team, SE, ASS Indirect, ASM Indirect, Tim Distributor sudah menggunakan skema insentif baru 2026
B35: *MTC, Stockpoint masih menggunakan skema insentif lama 2024

Sheet Pencapaian ASM
B2: LAMPIRAN INSENTIF ASM
B4: PENCAPAIAN ASM BY SALES VALUE
B5: AREA | C5: NAMA ASM | D5: SALES VALUE | F5: PENCAPAIAN (%) | G5: TYPE SALES | H5: INSENTIF SALES VALUE
D6: ACTUAL | E6: TARGET
B7: JABAR-1 | C7: BENNY HERDIANA | D7: ='Pencapaian Sales Value'!E40 -> 6.1101372e+09 | E7: ='Pencapaian Sales Value'!F40 -> 6.825e+09 | F7: =D7/E7 -> 0.89525819 | G7: ASM | H7: 472500 | L7: ASM | M7: =SUM(H20,H39) -> 3002500
B8: JABAR-2 | C8: ARIS JOHAR | D8: ='Pencapaian Sales Value'!E77 -> 2.8882117e+09 | E8: ='Pencapaian Sales Value'!F77 -> 3484171842 | F8: =D8/E8 -> 0.82895215 | G8: ASM | H8: 472500 | L8: Sales Team | M8: ='Pencapaian Sales Value'!I352 -> 38916750
B9: JABAR-3 | C9: ANDREAS PREMADYA | D9: ='Pencapaian Sales Value'!E95 -> 3.9189921e+08 | E9: ='Pencapaian Sales Value'!F95 -> 546785000 | F9: =D9/E9 -> 0.71673365 | G9: ASM | H9: 262500
B10: JATENG | C10: UUT KURNIAWAN | D10: ='Pencapaian Sales Value'!E147 -> 1.3950651e+09 | E10: ='Pencapaian Sales Value'!F147 -> 1.9901979e+09 | F10: =D10/E10 -> 0.70096802 | G10: ASM | H10: 262500 | K10: Estimate ALL | M10: =SUM(M7:M8) -> 41919250
B11: JATIM | C11: ADI HARMONO | D11: ='Pencapaian Sales Value'!E315 -> 855644573 | E11: ='Pencapaian Sales Value'!F315 -> 1270200000 | F11: =D11/E11 -> 0.6736298 | G11: ASM | H11: 0
B12: IDN | C12: (VACANT) | D12: ='Pencapaian Sales Value'!E146 -> 36128821 | E12: ='Pencapaian Sales Value'!F146 -> 144000000 | F12: =D12/E12 -> 0.25089459 | G12: ASM | H12: 0
B13: BDS | C13: NUR ALIF | D13: ='Pencapaian Sales Value'!E124 -> 3792488.7 | E13: ='Pencapaian Sales Value'!F124 -> 30000000 | F13: =D13/E13 -> 0.12641629 | G13: ASM | H13: 0
B14: SSS | C14: FAUZAN | D14: ='Pencapaian Sales Value'!E190 -> 576864237 | E14: ='Pencapaian Sales Value'!F190 -> 650500000 | F14: =D14/E14 -> 0.88680129 | G14: ASM | H14: 160000
B15: SSS | C15: ARIEK | D15: ='Pencapaian Sales Value'!E226 -> 57936970 | E15: ='Pencapaian Sales Value'!F226 -> 126500000 | F15: =D15/E15 -> 0.45799976 | G15: ASM | H15: 0
B16: SSS | C16: DEDDY | D16: ='Pencapaian Sales Value'!E259 -> 186192951 | E16: ='Pencapaian Sales Value'!F259 -> 382200000 | F16: =D16/E16 -> 0.48716104 | G16: ASM | H16: 0
B17: SSS | C17: HENDRIK | D17: ='Pencapaian Sales Value'!E281 -> 31784028 | E17: ='Pencapaian Sales Value'!F281 -> 57000000 | F17: =D17/E17 -> 0.55761453 | G17: ASM | H17: 0
B18: SSS | C18: MUTAQIN | D18: ='Pencapaian Sales Value'!E314 -> 2866387 | E18: ='Pencapaian Sales Value'!F314 -> 54000000 | F18: =D18/E18 -> 0.053081241 | G18: ASM | H18: 0
B19: TMP | C19: (VACANT) | D19: ='Pencapaian Sales Value'!E338 -> 1.4357658e+08 | E19: ='Pencapaian Sales Value'!F338 -> 135000000 | F19: =D19/E19 -> 1.0635302 | G19: ASM | H19: 240000
B20: TOTAL ALL AREA | D20: =SUM(D7:D19) -> 1.26801e+10 | E20: =SUM(E7:E19) -> 1.5695555e+10 | F20: =D20/E20 -> 0.80787843 | H20: =SUM(H7:H19) -> 1870000
B23: PENCAPAIAN ASM BY ACTIVE OUTLET
B24: AREA | C24: NAMA ASM | D24: ACTIVE OUTLET | F24: PENCAPAIAN (%) | G24: TYPE SALES | H24: INSENTIF ACTIVE OUTLET
D25: ACTUAL | E25: TARGET
B26: JABAR-1 | C26: BENNY HERDIANA | D26: ='Pencapaian Active Outlet'!E40 -> 2470 | E26: ='Pencapaian Active Outlet'!F40 -> 2508.55 | F26: =D26/E26 -> 0.98463256 | G26: ASM | H26: 315000
B27: JABAR-2 | C27: ARIS JOHAR | D27: ='Pencapaian Active Outlet'!E77 -> 1957 | E27: ='Pencapaian Active Outlet'!F77 -> 2185.95 | F27: =D27/E27 -> 0.89526293 | G27: ASM | H27: 202500
B28: JABAR-3 | C28: ANDREAS PREMADYA | D28: ='Pencapaian Active Outlet'!E95 -> 512 | E28: ='Pencapaian Active Outlet'!F95 -> 576 | F28: =D28/E28 -> 0.88888889 | G28: ASM | H28: 202500
B29: JATENG | C29: UUT KURNIAWAN | D29: ='Pencapaian Active Outlet'!E147 -> 1442 | E29: ='Pencapaian Active Outlet'!F147 -> 2030 | F29: =D29/E29 -> 0.71034483 | G29: ASM | H29: 112500
B30: JATIM | C30: ADI HARMONO | D30: ='Pencapaian Active Outlet'!E315 -> 1330 | E30: ='Pencapaian Active Outlet'!F315 -> 3244.8 | F30: =D30/E30 -> 0.40988659 | G30: ASM | H30: 0
B31: IDN | C31: (VACANT) | D31: ='Pencapaian Active Outlet'!E146 -> 135 | E31: ='Pencapaian Active Outlet'!F146 -> 320 | F31: =D31/E31 -> 0.421875 | G31: ASM | H31: 0
B32: BDS | C32: NUR ALIF | D32: ='Pencapaian Active Outlet'!E124 -> 9 | E32: ='Pencapaian Active Outlet'!F124 -> 100 | F32: =D32/E32 -> 0.09 | G32: ASM | H32: 0
B33: SSS | C33: FAUZAN | D33: ='Pencapaian Active Outlet'!E190 -> 890 | E33: ='Pencapaian Active Outlet'!F190 -> 1150 | F33: =D33/E33 -> 0.77391304 | G33: ASM | H33: 0
B34: SSS | C34: ARIEK | D34: ='Pencapaian Active Outlet'!E226 -> 166 | E34: ='Pencapaian Active Outlet'!F226 -> 690 | F34: =D34/E34 -> 0.24057971 | G34: ASM | H34: 0
B35: SSS | C35: DEDDY | D35: ='Pencapaian Active Outlet'!E259 -> 184 | E35: ='Pencapaian Active Outlet'!F259 -> 615 | F35: =D35/E35 -> 0.29918699 | G35: ASM | H35: 0
B36: SSS | C36: HENDRIK | D36: ='Pencapaian Active Outlet'!E281 -> 63 | E36: ='Pencapaian Active Outlet'!F281 -> 310 | F36: =D36/E36 -> 0.20322581 | G36: ASM | H36: 0
B37: SSS | C37: MUTAQIN | D37: ='Pencapaian Active Outlet'!E314 -> 27 | E37: ='Pencapaian Active Outlet'!F314 -> 479.8 | F37: =D37/E37 -> 0.056273447 | G37: ASM | H37: 0
B38: TMP | C38: (VACANT) | D38: ='Pencapaian Active Outlet'!E337 -> 93 | E38: ='Pencapaian Active Outlet'!F337 -> 100 | F38: =D38/E38 -> 0.93 | G38: ASM | H38: 300000
B39: TOTAL ALL AREA | D39: =SUM(D26:D38) -> 9278 | E39: =SUM(E26:E38) -> 14310.1 | F39: =D39/E39 -> 0.64835326 | H39: =SUM(H26:H38) -> 1132500

Sheet Rekap Insentif Sales
B2: PENCAPAIAN AREA JAWA BARAT-1 | P2: Output Insentif dijadikan PDF
B3: NAMA CABANG | C3: SALES VALUE | D3: PRODUCT FOCUS | F3: EFFECTIVE CALL | G3: NEW OPEN OUTLET | H3: ACTIVE OUTLET | I3: ITEM PER OUTLET | J3: PRODUCT DISPLAY | K3: SALES CONTRACT | L3: CO-BRANDING | M3: JOIN EVENT ACTIVITY | N3: TOTAL INSENTIF | P3: NAMA CABANG | Q3: ID | R3: SALESMAN | S3: TYPE SALES | T3: SALES VALUE | V3: PRODUCT FOCUS | Y3: EFFECTIVE CALL | AA3: NEW OPEN OUTLET | AC3: ACTIVE OUTLET | AE3: ITEM PER OUTLET | AG3: PRODUCT DISPLAY | AI3: SALES CONTRACT | AK3: CO-BRANDING | AM3: JOIN EVENT ACTIVITY | AO3: TOTAL | AP3: AR PERFORM | AT3: TOTAL INSENTIF DITERIMA | AU3: SALESMAN | AV3: DRIVER / HELPER
D4: VOLUME | E4: RO | T4: PENCAPAIAN | U4: INSENTIF | V4: VOLUME | W4: RO | X4: INSENTIF | Y4: PENCAPAIAN | Z4: INSENTIF | AA4: PENCAPAIAN | AB4: INSENTIF | AC4: PENCAPAIAN | AD4: INSENTIF | AE4: PENCAPAIAN | AF4: INSENTIF | AG4: PENCAPAIAN | AH4: INSENTIF | AI4: PENCAPAIAN | AJ4: INSENTIF | AK4: PENCAPAIAN | AL4: INSENTIF | AM4: PENCAPAIAN | AN4: INSENTIF | AP4: OVERDUE | AQ4: PENGURANG INSENTIF | AR4: BAD DEBT | AS4: PENGURANG INSENTIF
B5: CABANG BANDUNG | C5: ='Pencapaian Sales Value'!G28 -> 0.88311921 | D5: ='Pencapaian Product Focus'!H28 -> 0.92620649 | E5: ='Pencapaian Product Focus'!L28 -> 0.98741673 | F5: ='Pencapaian Effective Call'!G28 -> 0.93160483 | G5: ='Pencapaian New Open Outlet'!G28 -> 0.27102804 | H5: ='Pencapaian Active Outlet'!G28 -> 0.94270668 | I5: ='Pencapaian Item per Outlet'!G28 -> 0.79537525 | J5: ='Pencapaian Product Display'!G28 -> 0.89090909 | K5: ='Pencapaian Sales Contract'!G28 -> 0 | L5: ='Pencapaian Co-Branding'!G28 -> 0 | M5: ='Pencapaian Join Event Activity'!G28 -> 1 | N5: =AO28 -> 12948500 | P5: BANDUNG | Q5: BDG-SLS-GT-001 | R5: Wawan Kurniawan | S5: 3 Orang | T5: ='Pencapaian Sales Value'!G5 -> 1.0094593 | U5: ='Pencapaian Sales Value'!I5 -> 600000 | V5: ='Pencapaian Product Focus'!H5 -> 0.90859586 | W5: ='Pencapaian Product Focus'!L5 -> 1 | X5: ='Pencapaian Product Focus'!N5 -> 210000 | Y5: ='Pencapaian Effective Call'!G5 -> 1.0814815 | Z5: ='Pencapaian Effective Call'!I5 -> 180000 | AA5: ='Pencapaian New Open Outlet'!G5 -> 0.5 | AB5: ='Pencapaian New Open Outlet'!I5 -> 0 | AC5: ='Pencapaian Active Outlet'!G5 -> 1.0350877 | AD5: ='Pencapaian Active Outlet'!I5 -> 0 | AE5: ='Pencapaian Item per Outlet'!G5 -> 0.90248734 | AF5: ='Pencapaian Item per Outlet'!I5 -> 135000 | AG5: ='Pencapaian Product Display'!G5 -> 0 | AH5: ='Pencapaian Product Display'!I5 -> 0 | AI5: ='Pencapaian Sales Contract'!G5 -> 0 | AJ5: ='Pencapaian Sales Contract'!I5 -> 0 | AK5: ='Pencapaian Co-Branding'!G5 -> 0 | AL5: ='Pencapaian Co-Branding'!I5 -> 0 | AM5: ='Pencapaian Join Event Activity'!G5 -> 0 | AN5: ='Pencapaian Join Event Activity'!I5 -> 0 | AO5: =SUM(AN5,AL5,AJ5,AH5,AF5,AD5,AB5,Z5,X5,U5) -> 1125000 | AP5: 0.059220836 | AQ5: =IF(AP5>=0.5%,-(AO5*10%),0) -> -112500 | AR5: 0 | AS5: =IF(AR5>0,-(AO5+AQ5),0) -> 0 | AT5: =SUM(AS5,AQ5,AO5) -> 1012500 | AU5: =AT5*55% -> 556875 | AV5: =AT5*45% -> 455625
B6: CABANG SUBANG | C6: ='Pencapaian Sales Value'!G34 -> 1.0046479 | D6: ='Pencapaian Product Focus'!H34 -> 1.0950658 | E6: ='Pencapaian Product Focus'!L34 -> 0.96428571 | F6: ='Pencapaian Effective Call'!G34 -> 0.91255814 | G6: ='Pencapaian New Open Outlet'!G34 -> 1.35 | H6: ='Pencapaian Active Outlet'!G34 -> 1.0622318 | N6: =AO34 -> 3933750 | Q6: BDG-SLS-GT-002 | R6: Cucu Yudi | S6: 3 Orang | T6: ='Pencapaian Sales Value'!G6 -> 1.0152433 | U6: ='Pencapaian Sales Value'!I6 -> 600000 | V6: ='Pencapaian Product Focus'!H6 -> 0.94132549 | W6: ='Pencapaian Product Focus'!L6 -> 0.95774648 | X6: ='Pencapaian Product Focus'!N6 -> 180000 | Y6: ='Pencapaian Effective Call'!G6 -> 1.0247593 | Z6: ='Pencapaian Effective Call'!I6 -> 180000 | AA6: ='Pencapaian New Open Outlet'!G6 -> 0 | AB6: ='Pencapaian New Open Outlet'!I6 -> 0 | AC6: ='Pencapaian Active Outlet'!G6 -> 1.0249307 | AD6: ='Pencapaian Active Outlet'!I6 -> 0 | AE6: ='Pencapaian Item per Outlet'!G6 -> 0.95710534 | AF6: ='Pencapaian Item per Outlet'!I6 -> 135000 | AG6: ='Pencapaian Product Display'!G6 -> 0 | AH6: ='Pencapaian Product Display'!I6 -> 0 | AI6: ='Pencapaian Sales Contract'!G6 -> 0 | AJ6: ='Pencapaian Sales Contract'!I6 -> 0 | AK6: ='Pencapaian Co-Branding'!G6 -> 0 | AL6: ='Pencapaian Co-Branding'!I6 -> 0 | AM6: ='Pencapaian Join Event Activity'!G6 -> 0 | AN6: ='Pencapaian Join Event Activity'!I6 -> 0 | AO6: =SUM(AN6,AL6,AJ6,AH6,AF6,AD6,AB6,Z6,X6,U6) -> 1095000 | AP6: 0 | AQ6: =IF(AP6>=0.5%,-(AO6*10%),0) -> 0 | AR6: 0 | AS6: =IF(AR6>0,-(AO6+AQ6),0) -> 0 | AT6: =SUM(AS6,AQ6,AO6) -> 1095000 | AU6: =AT6*55% -> 602250 | AV6: =AT6*45% -> 492750
B7: CABANG PURWAKARTA | C7: ='Pencapaian Sales Value'!G39 -> 0.95821433 | F7: ='Pencapaian Effective Call'!G39 -> 0.91868132 | G7: ='Pencapaian New Open Outlet'!G39 -> 0.14285714 | H7: ='Pencapaian Active Outlet'!G39 -> 1.104918 | N7: =AO39 -> 2602500 | Q7: BDG-SLS-GT-003 | R7: Iwa Setiawan | S7: 3 Orang | T7: ='Pencapaian Sales Value'!G7 -> 0.87141568 | U7: ='Pencapaian Sales Value'!I7 -> 300000 | V7: ='Pencapaian Product Focus'!H7 -> 0.97992095 | W7: ='Pencapaian Product Focus'!L7 -> 1 | X7: ='Pencapaian Product Focus'!N7 -> 210000 | Y7: ='Pencapaian Effective Call'!G7 -> 0.99268293 | Z7: ='Pencapaian Effective Call'!I7 -> 135000 | AA7: ='Pencapaian New Open Outlet'!G7 -> 0.25 | AB7: ='Pencapaian New Open Outlet'!I7 -> 0 | AC7: ='Pencapaian Active Outlet'!G7 -> 1.0163339 | AD7: ='Pencapaian Active Outlet'!I7 -> 0 | AE7: ='Pencapaian Item per Outlet'!G7 -> 0.95521542 | AF7: ='Pencapaian Item per Outlet'!I7 -> 135000 | AG7: ='Pencapaian Product Display'!G7 -> 0 | AH7: ='Pencapaian Product Display'!I7 -> 0 | AI7: ='Pencapaian Sales Contract'!G7 -> 0 | AJ7: ='Pencapaian Sales Contract'!I7 -> 0 | AK7: ='Pencapaian Co-Branding'!G7 -> 0 | AL7: ='Pencapaian Co-Branding'!I7 -> 0 | AM7: ='Pencapaian Join Event Activity'!G7 -> 0 | AN7: ='Pencapaian Join Event Activity'!I7 -> 0 | AO7: =SUM(AN7,AL7,AJ7,AH7,AF7,AD7,AB7,Z7,X7,U7) -> 780000 | AP7: 0 | AQ7: =IF(AP7>=0.5%,-(AO7*10%),0) -> 0 | AR7: 0 | AS7: =IF(AR7>0,-(AO7+AQ7),0) -> 0 | AT7: =SUM(AS7,AQ7,AO7) -> 780000 | AU7: =AT7*55% -> 429000 | AV7: =AT7*45% -> 351000
B8: TOTAL PENCAPAIAN AREA JAWA BARAT-1 | C8: ='Pencapaian Sales Value'!G40 -> 0.89525819 | D8: ='Pencapaian Product Focus'!H40 -> 0.93931294 | E8: ='Pencapaian Product Focus'!L40 -> 0.98344574 | F8: ='Pencapaian Effective Call'!G40 -> 0.92789788 | G8: ='Pencapaian New Open Outlet'!G40 -> 0.37654321 | H8: ='Pencapaian Active Outlet'!G40 -> 0.98463256 | I8: ='Pencapaian Item per Outlet'!G40 -> 0.79537525 | J8: ='Pencapaian Product Display'!G40 -> 0.89090909 | K8: ='Pencapaian Sales Contract'!G40 -> 0 | L8: ='Pencapaian Co-Branding'!G40 -> 0 | M8: ='Pencapaian Join Event Activity'!G40 -> 1 | N8: =SUM(N5:N7) -> 19484750 | Q8: BDG-SLS-GT-004 | R8: Dodhie Setiawan | S8: 3 Orang | T8: ='Pencapaian Sales Value'!G8 -> 0.84705993 | U8: ='Pencapaian Sales Value'!I8 -> 300000 | V8: ='Pencapaian Product Focus'!H8 -> 0.97616312 | W8: ='Pencapaian Product Focus'!L8 -> 0.96491228 | X8: ='Pencapaian Product Focus'!N8 -> 180000 | Y8: ='Pencapaian Effective Call'!G8 -> 1.0870445 | Z8: ='Pencapaian Effective Call'!I8 -> 180000 | AA8: ='Pencapaian New Open Outlet'!G8 -> 0 | AB8: ='Pencapaian New Open Outlet'!I8 -> 0 | AC8: ='Pencapaian Active Outlet'!G8 -> 1.0263158 | AD8: ='Pencapaian Active Outlet'!I8 -> 0 | AE8: ='Pencapaian Item per Outlet'!G8 -> 0.95682096 | AF8: ='Pencapaian Item per Outlet'!I8 -> 135000 | AG8: ='Pencapaian Product Display'!G8 -> 0 | AH8: ='Pencapaian Product Display'!I8 -> 0 | AI8: ='Pencapaian Sales Contract'!G8 -> 0 | AJ8: ='Pencapaian Sales Contract'!I8 -> 0 | AK8: ='Pencapaian Co-Branding'!G8 -> 0 | AL8: ='Pencapaian Co-Branding'!I8 -> 0 | AM8: ='Pencapaian Join Event Activity'!G8 -> 0 | AN8: ='Pencapaian Join Event Activity'!I8 -> 0 | AO8: =SUM(AN8,AL8,AJ8,AH8,AF8,AD8,AB8,Z8,X8,U8) -> 795000 | AP8: 0 | AQ8: =IF(AP8>=0.5%,-(AO8*10%),0) -> 0 | AR8: 0 | AS8: =IF(AR8>0,-(AO8+AQ8),0) -> 0 | AT8: =SUM(AS8,AQ8,AO8) -> 795000 | AU8: =AT8*55% -> 437250 | AV8: =AT8*45% -> 357750
Q9: BDG-SLS-GT-005 | R9: Sopian Kusmayana | S9: 2 Orang | T9: ='Pencapaian Sales Value'!G9 -> 0.81305826 | U9: ='Pencapaian Sales Value'!I9 -> 225000 | V9: ='Pencapaian Product Focus'!H9 -> 0.91225396 | W9: ='Pencapaian Product Focus'!L9 -> 0.90816327 | X9: ='Pencapaian Product Focus'!N9 -> 135000 | Y9: ='Pencapaian Effective Call'!G9 -> 0.94871795 | Z9: ='Pencapaian Effective Call'!I9 -> 101250 | AA9: ='Pencapaian New Open Outlet'!G9 -> 0.2 | AB9: ='Pencapaian New Open Outlet'!I9 -> 0 | AC9: ='Pencapaian Active Outlet'!G9 -> 1.0285255 | AD9: ='Pencapaian Active Outlet'!I9 -> 0 | AE9: ='Pencapaian Item per Outlet'!G9 -> 0.84796709 | AF9: ='Pencapaian Item per Outlet'!I9 -> 67500 | AG9: ='Pencapaian Product Display'!G9 -> 0 | AH9: ='Pencapaian Product Display'!I9 -> 0 | AI9: ='Pencapaian Sales Contract'!G9 -> 0 | AJ9: ='Pencapaian Sales Contract'!I9 -> 0 | AK9: ='Pencapaian Co-Branding'!G9 -> 0 | AL9: ='Pencapaian Co-Branding'!I9 -> 0 | AM9: ='Pencapaian Join Event Activity'!G9 -> 0 | AN9: ='Pencapaian Join Event Activity'!I9 -> 0 | AO9: =SUM(AN9,AL9,AJ9,AH9,AF9,AD9,AB9,Z9,X9,U9) -> 528750 | AP9: 0 | AQ9: =IF(AP9>=0.5%,-(AO9*10%),0) -> 0 | AR9: 0 | AS9: =IF(AR9>0,-(AO9+AQ9),0) -> 0 | AT9: =SUM(AS9,AQ9,AO9) -> 528750 | AU9: =AT9*70% -> 370125 | AV9: =AT9*30% -> 158625
B10: PENCAPAIAN AREA JAWA BARAT-2 | Q10: BDG-SLS-GT-006 | R10: Tri Aris Rusdiaman | S10: 2 Orang | T10: ='Pencapaian Sales Value'!G10 -> 0.82316348 | U10: ='Pencapaian Sales Value'!I10 -> 225000 | V10: ='Pencapaian Product Focus'!H10 -> 0.9632391 | W10: ='Pencapaian Product Focus'!L10 -> 0.95 | X10: ='Pencapaian Product Focus'!N10 -> 135000 | Y10: ='Pencapaian Effective Call'!G10 -> 0.87948718 | Z10: ='Pencapaian Effective Call'!I10 -> 67500 | AA10: ='Pencapaian New Open Outlet'!G10 -> 0 | AB10: ='Pencapaian New Open Outlet'!I10 -> 0 | AC10: ='Pencapaian Active Outlet'!G10 -> 1.0688259 | AD10: ='Pencapaian Active Outlet'!I10 -> 0 | AE10: ='Pencapaian Item per Outlet'!G10 -> 0.77174067 | AF10: ='Pencapaian Item per Outlet'!I10 -> 33750 | AG10: ='Pencapaian Product Display'!G10 -> 0 | AH10: ='Pencapaian Product Display'!I10 -> 0 | AI10: ='Pencapaian Sales Contract'!G10 -> 0 | AJ10: ='Pencapaian Sales Contract'!I10 -> 0 | AK10: ='Pencapaian Co-Branding'!G10 -> 0 | AL10: ='Pencapaian Co-Branding'!I10 -> 0 | AM10: ='Pencapaian Join Event Activity'!G10 -> 0 | AN10: ='Pencapaian Join Event Activity'!I10 -> 0 | AO10: =SUM(AN10,AL10,AJ10,AH10,AF10,AD10,AB10,Z10,X10,U10) -> 461250 | AP10: 0 | AQ10: =IF(AP10>=0.5%,-(AO10*10%),0) -> 0 | AR10: 0 | AS10: =IF(AR10>0,-(AO10+AQ10),0) -> 0 | AT10: =SUM(AS10,AQ10,AO10) -> 461250 | AU10: =AT10*70% -> 322875 | AV10: =AT10*30% -> 138375
B11: NAMA CABANG | C11: SALES VALUE | D11: PRODUCT FOCUS | F11: EFFECTIVE CALL | G11: NEW OPEN OUTLET | H11: ACTIVE OUTLET | I11: ITEM PER OUTLET | J11: PRODUCT DISPLAY | K11: SALES CONTRACT | L11: CO-BRANDING | M11: JOIN EVENT ACTIVITY | N11: TOTAL INSENTIF | Q11: BDG-SLS-GT-014 | R11: Agus Saeful | S11: MTC | T11: ='Pencapaian Sales Value'!G11 -> 1.0045631 | U11: ='Pencapaian Sales Value'!I11 -> 525000 | V11: ='Pencapaian Product Focus'!H11 -> 0 | W11: ='Pencapaian Product Focus'!L11 -> 0 | X11: ='Pencapaian Product Focus'!N11 -> 0 | Y11: ='Pencapaian Effective Call'!G11 -> 0 | Z11: ='Pencapaian Effective Call'!I11 -> 0 | AA11: ='Pencapaian New Open Outlet'!G11 -> 1.1 | AB11: ='Pencapaian New Open Outlet'!I11 -> 150000 | AC11: ='Pencapaian Active Outlet'!G11 -> 0.93333333 | AD11: ='Pencapaian Active Outlet'!I11 -> 75000 | AE11: ='Pencapaian Item per Outlet'!G11 -> 0 | AF11: ='Pencapaian Item per Outlet'!I11 -> 0 | AG11: ='Pencapaian Product Display'!G11 -> 0 | AH11: ='Pencapaian Product Display'!I11 -> 0 | AI11: ='Pencapaian Sales Contract'!G11 -> 0 | AJ11: ='Pencapaian Sales Contract'!I11 -> 0 | AK11: ='Pencapaian Co-Branding'!G11 -> 0 | AL11: ='Pencapaian Co-Branding'!I11 -> 0 | AM11: ='Pencapaian Join Event Activity'!G11 -> 0 | AN11: ='Pencapaian Join Event Activity'!I11 -> 0 | AO11: =SUM(AN11,AL11,AJ11,AH11,AF11,AD11,AB11,Z11,X11,U11) -> 750000 | AP11: 0 | AQ11: =IF(AP11>=0.5%,-(AO11*10%),0) -> 0 | AR11: 0 | AS11: =IF(AR11>0,-(AO11+AQ11),0) -> 0 | AT11: =SUM(AS11,AQ11,AO11) -> 750000 | AU11: =AT11*70% -> 525000 | AV11: =AT11*30% -> 225000
D12: VOLUME | E12: RO | Q12: BDG-SLS-GT-017 | R12: Deni Romansyah | S12: MTC | T12: ='Pencapaian Sales Value'!G12 -> 0 | U12: ='Pencapaian Sales Value'!I12 -> 0 | V12: ='Pencapaian Product Focus'!H12 -> 0 | W12: ='Pencapaian Product Focus'!L12 -> 0 | X12: ='Pencapaian Product Focus'!N12 -> 0 | Y12: ='Pencapaian Effective Call'!G12 -> 0 | Z12: ='Pencapaian Effective Call'!I12 -> 0 | AA12: ='Pencapaian New Open Outlet'!G12 -> 0 | AB12: ='Pencapaian New Open Outlet'!I12 -> 0 | AC12: ='Pencapaian Active Outlet'!G12 -> 0 | AD12: ='Pencapaian Active Outlet'!I12 -> 0 | AE12: ='Pencapaian Item per Outlet'!G12 -> 0 | AF12: ='Pencapaian Item per Outlet'!I12 -> 0 | AG12: ='Pencapaian Product Display'!G12 -> 0 | AH12: ='Pencapaian Product Display'!I12 -> 0 | AI12: ='Pencapaian Sales Contract'!G12 -> 0 | AJ12: ='Pencapaian Sales Contract'!I12 -> 0 | AK12: ='Pencapaian Co-Branding'!G12 -> 0 | AL12: ='Pencapaian Co-Branding'!I12 -> 0 | AM12: ='Pencapaian Join Event Activity'!G12 -> 0 | AN12: ='Pencapaian Join Event Activity'!I12 -> 0 | AO12: =SUM(AN12,AL12,AJ12,AH12,AF12,AD12,AB12,Z12,X12,U12) -> 0 | AP12: 0 | AQ12: =IF(AP12>=0.5%,-(AO12*10%),0) -> 0 | AR12: 0 | AS12: =IF(AR12>0,-(AO12+AQ12),0) -> 0 | AT12: =SUM(AS12,AQ12,AO12) -> 0 | AU12: =AT12*70% -> 0 | AV12: =AT12*30% -> 0
B13: CABANG GARUT | C13: ='Pencapaian Sales Value'!G64 -> 0.8607358 | D13: ='Pencapaian Product Focus'!H64 -> 0.75020833 | E13: ='Pencapaian Product Focus'!L64 -> 0.63037975 | F13: ='Pencapaian Effective Call'!G64 -> 0.99223529 | G13: ='Pencapaian New Open Outlet'!G64 -> 0.1941568 | H13: ='Pencapaian Active Outlet'!G64 -> 1.0290044 | I13: ='Pencapaian Item per Outlet'!G64 -> 0.54872827 | K13: ='Pencapaian Sales Contract'!G64 -> 0 | L13: ='Pencapaian Co-Branding'!G64 -> 0 | N13: =AO64 -> 4901500 | R13: ARIFIN SUFJAN | S13: SPV | T13: ='Pencapaian Sales Value'!G13 -> 0.91075133 | U13: ='Pencapaian Sales Value'!I13 -> 336000 | V13: ='Pencapaian Product Focus'!H13 -> 0.94234394 | W13: ='Pencapaian Product Focus'!L13 -> 0.96509863 | X13: ='Pencapaian Product Focus'!N13 -> 168000 | Y13: ='Pencapaian Effective Call'!G13 -> 1.0118604 | Z13: ='Pencapaian Effective Call'!I13 -> 0 | AA13: ='Pencapaian New Open Outlet'!G13 -> 0.33333333 | AB13: ='Pencapaian New Open Outlet'!I13 -> 0 | AC13: ='Pencapaian Active Outlet'!G13 -> 0.95386273 | AD13: ='Pencapaian Active Outlet'!I13 -> 168000 | AE13: ='Pencapaian Item per Outlet'!G13 -> 0.90679954 | AF13: ='Pencapaian Item per Outlet'!I13 -> 168000 | AG13: ='Pencapaian Product Display'!G13 -> 0 | AH13: ='Pencapaian Product Display'!I13 -> 0 | AI13: ='Pencapaian Sales Contract'!G13 -> 0 | AJ13: ='Pencapaian Sales Contract'!I13 -> 0 | AK13: ='Pencapaian Co-Branding'!G13 -> 0 | AL13: ='Pencapaian Co-Branding'!I13 -> 0 | AM13: ='Pencapaian Join Event Activity'!G13 -> 0 | AN13: ='Pencapaian Join Event Activity'!I13 -> 0 | AO13: =SUM(AN13,AL13,AJ13,AH13,AF13,AD13,AB13,Z13,X13,U13) -> 840000 | AP13: 0.015494819 | AQ13: =IF(AP13>=0.5%,-(AO13*10%),0) -> -84000 | AR13: 0 | AS13: =IF(AR13>0,-(AO13+AQ13),0) -> 0 | AT13: =SUM(AS13,AQ13,AO13) -> 756000 | AU13: =AT13 -> 756000 | AV13: 0
B14: CABANG TASIK | C14: ='Pencapaian Sales Value'!G71 -> 0.73837176 | D14: ='Pencapaian Product Focus'!H71 -> 0.70340278 | E14: ='Pencapaian Product Focus'!L71 -> 0.868 | F14: ='Pencapaian Effective Call'!G71 -> 0.65741935 | G14: ='Pencapaian New Open Outlet'!G71 -> 0.088407758 | H14: ='Pencapaian Active Outlet'!G71 -> 0.85245902 | I14: ='Pencapaian Item per Outlet'!G71 -> 0.50909091 | N14: =AO71 -> 1137750 | Q14: BDG-SLS-GT-007 | R14: Candra Irawan | S14: 3 Orang | T14: ='Pencapaian Sales Value'!G14 -> 0.91236266 | U14: ='Pencapaian Sales Value'!I14 -> 450000 | V14: ='Pencapaian Product Focus'!H14 -> 0.92679012 | W14: ='Pencapaian Product Focus'!L14 -> 0.98979592 | X14: ='Pencapaian Product Focus'!N14 -> 180000 | Y14: ='Pencapaian Effective Call'!G14 -> 0.99038462 | Z14: ='Pencapaian Effective Call'!I14 -> 135000 | AA14: ='Pencapaian New Open Outlet'!G14 -> 1.2 | AB14: ='Pencapaian New Open Outlet'!I14 -> 0 | AC14: ='Pencapaian Active Outlet'!G14 -> 0.98873239 | AD14: ='Pencapaian Active Outlet'!I14 -> 0 | AE14: ='Pencapaian Item per Outlet'!G14 -> 0.82783883 | AF14: ='Pencapaian Item per Outlet'!I14 -> 90000 | AG14: ='Pencapaian Product Display'!G14 -> 0 | AH14: ='Pencapaian Product Display'!I14 -> 0 | AI14: ='Pencapaian Sales Contract'!G14 -> 0 | AJ14: ='Pencapaian Sales Contract'!I14 -> 0 | AK14: ='Pencapaian Co-Branding'!G14 -> 0 | AL14: ='Pencapaian Co-Branding'!I14 -> 0 | AM14: ='Pencapaian Join Event Activity'!G14 -> 0 | AN14: ='Pencapaian Join Event Activity'!I14 -> 0 | AO14: =SUM(AN14,AL14,AJ14,AH14,AF14,AD14,AB14,Z14,X14,U14) -> 855000 | AP14: 0 | AQ14: =IF(AP14>=0.5%,-(AO14*10%),0) -> 0 | AR14: 0 | AS14: =IF(AR14>0,-(AO14+AQ14),0) -> 0 | AT14: =SUM(AS14,AQ14,AO14) -> 855000 | AU14: =AT14*55% -> 470250 | AV14: =AT14*45% -> 384750
B15: CABANG CIREBON | C15: ='Pencapaian Sales Value'!G76 -> 0.55375184 | F15: ='Pencapaian Effective Call'!G76 -> 0.51111111 | G15: ='Pencapaian New Open Outlet'!G76 -> 0.54166667 | H15: ='Pencapaian Active Outlet'!G76 -> 0.52763488 | N15: =AO76 -> 90000 | Q15: BDG-SLS-GT-008 | R15: Diki Andriana | S15: 3 Orang | T15: ='Pencapaian Sales Value'!G15 -> 0.80077877 | U15: ='Pencapaian Sales Value'!I15 -> 300000 | V15: ='Pencapaian Product Focus'!H15 -> 0.87667287 | W15: ='Pencapaian Product Focus'!L15 -> 1.0082645 | X15: ='Pencapaian Product Focus'!N15 -> 180000 | Y15: ='Pencapaian Effective Call'!G15 -> 0.83846154 | Z15: ='Pencapaian Effective Call'!I15 -> 90000 | AA15: ='Pencapaian New Open Outlet'!G15 -> 0 | AB15: ='Pencapaian New Open Outlet'!I15 -> 0 | AC15: ='Pencapaian Active Outlet'!G15 -> 1.0108696 | AD15: ='Pencapaian Active Outlet'!I15 -> 0 | AE15: ='Pencapaian Item per Outlet'!G15 -> 0.84946237 | AF15: ='Pencapaian Item per Outlet'!I15 -> 90000 | AG15: ='Pencapaian Product Display'!G15 -> 0 | AH15: ='Pencapaian Product Display'!I15 -> 0 | AI15: ='Pencapaian Sales Contract'!G15 -> 0 | AJ15: ='Pencapaian Sales Contract'!I15 -> 0 | AK15: ='Pencapaian Co-Branding'!G15 -> 0 | AL15: ='Pencapaian Co-Branding'!I15 -> 0 | AM15: ='Pencapaian Join Event Activity'!G15 -> 0 | AN15: ='Pencapaian Join Event Activity'!I15 -> 0 | AO15: =SUM(AN15,AL15,AJ15,AH15,AF15,AD15,AB15,Z15,X15,U15) -> 660000 | AP15: 0 | AQ15: =IF(AP15>=0.5%,-(AO15*10%),0) -> 0 | AR15: 0 | AS15: =IF(AR15>0,-(AO15+AQ15),0) -> 0 | AT15: =SUM(AS15,AQ15,AO15) -> 660000 | AU15: =AT15*55% -> 363000 | AV15: =AT15*45% -> 297000
B16: TOTAL PENCAPAIAN AREA JAWA BARAT-2 | C16: ='Pencapaian Sales Value'!G77 -> 0.82895215 | D16: ='Pencapaian Product Focus'!H77 -> 0.72680556 | E16: ='Pencapaian Product Focus'!L77 -> 0.72248062 | F16: ='Pencapaian Effective Call'!G77 -> 0.85014925 | G16: ='Pencapaian New Open Outlet'!G77 -> 0.2211776 | H16: ='Pencapaian Active Outlet'!G77 -> 0.89526293 | I16: ='Pencapaian Item per Outlet'!G77 -> 0.53551582 | K16: ='Pencapaian Sales Contract'!G77 -> 0 | L16: ='Pencapaian Co-Branding'!G77 -> 0 | N16: =SUM(N13:N15) -> 6129250 | Q16: BDG-SLS-GT-009 | R16: Kusada | S16: 3 Orang | T16: ='Pencapaian Sales Value'!G16 -> 0.89594636 | U16: ='Pencapaian Sales Value'!I16 -> 300000 | V16: ='Pencapaian Product Focus'!H16 -> 0.9138724 | W16: ='Pencapaian Product Focus'!L16 -> 0.936 | X16: ='Pencapaian Product Focus'!N16 -> 180000 | Y16: ='Pencapaian Effective Call'!G16 -> 0.86769231 | Z16: ='Pencapaian Effective Call'!I16 -> 90000 | AA16: ='Pencapaian New Open Outlet'!G16 -> 0.4 | AB16: ='Pencapaian New Open Outlet'!I16 -> 0 | AC16: ='Pencapaian Active Outlet'!G16 -> 0.87917738 | AD16: ='Pencapaian Active Outlet'!I16 -> 0 | AE16: ='Pencapaian Item per Outlet'!G16 -> 0.85982906 | AF16: ='Pencapaian Item per Outlet'!I16 -> 90000 | AG16: ='Pencapaian Product Display'!G16 -> 0 | AH16: ='Pencapaian Product Display'!I16 -> 0 | AI16: ='Pencapaian Sales Contract'!G16 -> 0 | AJ16: ='Pencapaian Sales Contract'!I16 -> 0 | AK16: ='Pencapaian Co-Branding'!G16 -> 0 | AL16: ='Pencapaian Co-Branding'!I16 -> 0 | AM16: ='Pencapaian Join Event Activity'!G16 -> 0 | AN16: ='Pencapaian Join Event Activity'!I16 -> 0 | AO16: =SUM(AN16,AL16,AJ16,AH16,AF16,AD16,AB16,Z16,X16,U16) -> 660000 | AP16: 0 | AQ16: =IF(AP16>=0.5%,-(AO16*10%),0) -> 0 | AR16: 0 | AS16: =IF(AR16>0,-(AO16+AQ16),0) -> 0 | AT16: =SUM(AS16,AQ16,AO16) -> 660000 | AU16: =AT16*55% -> 363000 | AV16: =AT16*45% -> 297000
Q17: BDG-SLS-GT-010 | R17: Peri Perdiansyah | S17: 3 Orang | T17: ='Pencapaian Sales Value'!G17 -> 0.91370605 | U17: ='Pencapaian Sales Value'!I17 -> 450000 | V17: ='Pencapaian Product Focus'!H17 -> 0.8351845 | W17: ='Pencapaian Product Focus'!L17 -> 1.029703 | X17: ='Pencapaian Product Focus'!N17 -> 180000 | Y17: ='Pencapaian Effective Call'!G17 -> 0.80769231 | Z17: ='Pencapaian Effective Call'!I17 -> 90000 | AA17: ='Pencapaian New Open Outlet'!G17 -> 0.2 | AB17: ='Pencapaian New Open Outlet'!I17 -> 0 | AC17: ='Pencapaian Active Outlet'!G17 -> 0.96 | AD17: ='Pencapaian Active Outlet'!I17 -> 0 | AE17: ='Pencapaian Item per Outlet'!G17 -> 1.0134771 | AF17: ='Pencapaian Item per Outlet'!I17 -> 180000 | AG17: ='Pencapaian Product Display'!G17 -> 0 | AH17: ='Pencapaian Product Display'!I17 -> 0 | AI17: ='Pencapaian Sales Contract'!G17 -> 0 | AJ17: ='Pencapaian Sales Contract'!I17 -> 0 | AK17: ='Pencapaian Co-Branding'!G17 -> 0 | AL17: ='Pencapaian Co-Branding'!I17 -> 0 | AM17: ='Pencapaian Join Event Activity'!G17 -> 0 | AN17: ='Pencapaian Join Event Activity'!I17 -> 0 | AO17: =SUM(AN17,AL17,AJ17,AH17,AF17,AD17,AB17,Z17,X17,U17) -> 900000 | AP17: 0 | AQ17: =IF(AP17>=0.5%,-(AO17*10%),0) -> 0 | AR17: 0 | AS17: =IF(AR17>0,-(AO17+AQ17),0) -> 0 | AT17: =SUM(AS17,AQ17,AO17) -> 900000 | AU17: =AT17*55% -> 495000 | AV17: =AT17*45% -> 405000
B18: PENCAPAIAN AREA JAWA BARAT-3 | Q18: BDG-SLS-GT-011 | R18: Ricat Batubara | S18: 3 Orang | T18: ='Pencapaian Sales Value'!G18 -> 0.84735592 | U18: ='Pencapaian Sales Value'!I18 -> 300000 | V18: ='Pencapaian Product Focus'!H18 -> 0.88937203 | W18: ='Pencapaian Product Focus'!L18 -> 1.0428571 | X18: ='Pencapaian Product Focus'!N18 -> 180000 | Y18: ='Pencapaian Effective Call'!G18 -> 0.78461538 | Z18: ='Pencapaian Effective Call'!I18 -> 45000 | AA18: ='Pencapaian New Open Outlet'!G18 -> 0.2 | AB18: ='Pencapaian New Open Outlet'!I18 -> 0 | AC18: ='Pencapaian Active Outlet'!G18 -> 0.87460815 | AD18: ='Pencapaian Active Outlet'!I18 -> 0 | AE18: ='Pencapaian Item per Outlet'!G18 -> 0.84792627 | AF18: ='Pencapaian Item per Outlet'!I18 -> 90000 | AG18: ='Pencapaian Product Display'!G18 -> 0 | AH18: ='Pencapaian Product Display'!I18 -> 0 | AI18: ='Pencapaian Sales Contract'!G18 -> 0 | AJ18: ='Pencapaian Sales Contract'!I18 -> 0 | AK18: ='Pencapaian Co-Branding'!G18 -> 0 | AL18: ='Pencapaian Co-Branding'!I18 -> 0 | AM18: ='Pencapaian Join Event Activity'!G18 -> 0 | AN18: ='Pencapaian Join Event Activity'!I18 -> 0 | AO18: =SUM(AN18,AL18,AJ18,AH18,AF18,AD18,AB18,Z18,X18,U18) -> 615000 | AP18: 0 | AQ18: =IF(AP18>=0.5%,-(AO18*10%),0) -> 0 | AR18: 0 | AS18: =IF(AR18>0,-(AO18+AQ18),0) -> 0 | AT18: =SUM(AS18,AQ18,AO18) -> 615000 | AU18: =AT18*55% -> 338250 | AV18: =AT18*45% -> 276750
B19: NAMA CABANG | C19: SALES VALUE | D19: PRODUCT FOCUS | F19: EFFECTIVE CALL | G19: NEW OPEN OUTLET | H19: ACTIVE OUTLET | I19: ITEM PER OUTLET | J19: PRODUCT DISPLAY | K19: SALES CONTRACT | L19: CO-BRANDING | M19: JOIN EVENT ACTIVITY | N19: TOTAL INSENTIF | Q19: BDG-SLS-GT-012 | R19: Jajang Faryana | S19: 2 Orang | T19: ='Pencapaian Sales Value'!G19 -> 0.80125671 | U19: ='Pencapaian Sales Value'!I19 -> 225000 | V19: ='Pencapaian Product Focus'!H19 -> 1.1469697 | W19: ='Pencapaian Product Focus'!L19 -> 1.0384615 | X19: ='Pencapaian Product Focus'!N19 -> 202500 | Y19: ='Pencapaian Effective Call'!G19 -> 0.732 | Z19: ='Pencapaian Effective Call'!I19 -> 33750 | AA19: ='Pencapaian New Open Outlet'!G19 -> 0 | AB19: ='Pencapaian New Open Outlet'!I19 -> 0 | AC19: ='Pencapaian Active Outlet'!G19 -> 0.92222222 | AD19: ='Pencapaian Active Outlet'!I19 -> 0 | AE19: ='Pencapaian Item per Outlet'!G19 -> 0.72289157 | AF19: ='Pencapaian Item per Outlet'!I19 -> 33750 | AG19: ='Pencapaian Product Display'!G19 -> 0 | AH19: ='Pencapaian Product Display'!I19 -> 0 | AI19: ='Pencapaian Sales Contract'!G19 -> 0 | AJ19: ='Pencapaian Sales Contract'!I19 -> 0 | AK19: ='Pencapaian Co-Branding'!G19 -> 0 | AL19: ='Pencapaian Co-Branding'!I19 -> 0 | AM19: ='Pencapaian Join Event Activity'!G19 -> 0 | AN19: ='Pencapaian Join Event Activity'!I19 -> 0 | AO19: =SUM(AN19,AL19,AJ19,AH19,AF19,AD19,AB19,Z19,X19,U19) -> 495000 | AP19: 0.002133449 | AQ19: =IF(AP19>=0.5%,-(AO19*10%),0) -> 0 | AR19: 0.002133449 | AS19: =IF(AR19>0,-(AO19+AQ19),0) -> -495000 | AT19: =SUM(AS19,AQ19,AO19) -> 0 | AU19: =AT19*70% -> 0 | AV19: =AT19*30% -> 0
D20: VOLUME | E20: RO | R20: Ende Taryana | S20: 3 Orang | T20: ='Pencapaian Sales Value'!G20 -> 0.8877964 | U20: ='Pencapaian Sales Value'!I20 -> 300000 | V20: ='Pencapaian Product Focus'!H20 -> 0.99045507 | W20: ='Pencapaian Product Focus'!L20 -> 1.0873016 | X20: ='Pencapaian Product Focus'!N20 -> 210000 | Y20: ='Pencapaian Effective Call'!G20 -> 0.97538462 | Z20: ='Pencapaian Effective Call'!I20 -> 135000 | AA20: ='Pencapaian New Open Outlet'!G20 -> 0 | AB20: ='Pencapaian New Open Outlet'!I20 -> 0 | AC20: ='Pencapaian Active Outlet'!G20 -> 1.0632911 | AD20: ='Pencapaian Active Outlet'!I20 -> 0 | AE20: ='Pencapaian Item per Outlet'!G20 -> 0.95892857 | AF20: ='Pencapaian Item per Outlet'!I20 -> 135000 | AG20: ='Pencapaian Product Display'!G20 -> 0 | AH20: ='Pencapaian Product Display'!I20 -> 0 | AI20: ='Pencapaian Sales Contract'!G20 -> 0 | AJ20: ='Pencapaian Sales Contract'!I20 -> 0 | AK20: ='Pencapaian Co-Branding'!G20 -> 0 | AL20: ='Pencapaian Co-Branding'!I20 -> 0 | AM20: ='Pencapaian Join Event Activity'!G20 -> 0 | AN20: ='Pencapaian Join Event Activity'!I20 -> 0 | AO20: =SUM(AN20,AL20,AJ20,AH20,AF20,AD20,AB20,Z20,X20,U20) -> 780000 | AP20: 0 | AQ20: =IF(AP20>=0.5%,-(AO20*10%),0) -> 0 | AR20: 0 | AS20: =IF(AR20>0,-(AO20+AQ20),0) -> 0 | AT20: =SUM(AS20,AQ20,AO20) -> 780000 | AU20: =AT20*55% -> 429000 | AV20: =AT20*45% -> 351000
B21: CABANG SUKABUMI | C21: ='Pencapaian Sales Value'!G90 -> 0.65077411 | F21: ='Pencapaian Effective Call'!G90 -> 0.768 | G21: ='Pencapaian New Open Outlet'!G90 -> 2.25 | H21: ='Pencapaian Active Outlet'!G90 -> 1.0430769 | N21: =AO90 -> 1648500 | R21: ENDY AFRIANA NUGRAHA | S21: SPV | T21: ='Pencapaian Sales Value'!G21 -> 0.87325468 | U21: ='Pencapaian Sales Value'!I21 -> 216000 | V21: ='Pencapaian Product Focus'!H21 -> 0.9114619 | W21: ='Pencapaian Product Focus'!L21 -> 1.0149925 | X21: ='Pencapaian Product Focus'!N21 -> 204000 | Y21: ='Pencapaian Effective Call'!G21 -> 0.87052342 | Z21: ='Pencapaian Effective Call'!I21 -> 0 | AA21: ='Pencapaian New Open Outlet'!G21 -> 0.28571429 | AB21: ='Pencapaian New Open Outlet'!I21 -> 0 | AC21: ='Pencapaian Active Outlet'!G21 -> 0.96034696 | AD21: ='Pencapaian Active Outlet'!I21 -> 168000 | AE21: ='Pencapaian Item per Outlet'!G21 -> 0.8792399 | AF21: ='Pencapaian Item per Outlet'!I21 -> 108000 | AG21: ='Pencapaian Product Display'!G21 -> 0 | AH21: ='Pencapaian Product Display'!I21 -> 0 | AI21: ='Pencapaian Sales Contract'!G21 -> 0 | AJ21: ='Pencapaian Sales Contract'!I21 -> 0 | AK21: ='Pencapaian Co-Branding'!G21 -> 0 | AL21: ='Pencapaian Co-Branding'!I21 -> 0 | AM21: ='Pencapaian Join Event Activity'!G21 -> 0 | AN21: ='Pencapaian Join Event Activity'!I21 -> 0 | AO21: =SUM(AN21,AL21,AJ21,AH21,AF21,AD21,AB21,Z21,X21,U21) -> 696000 | AP21: 0.00011348463 | AQ21: =IF(AP21>=0.5%,-(AO21*10%),0) -> 0 | AR21: 0.00011348463 | AS21: =IF(AR21>0,-(AO21+AQ21),0) -> -696000 | AT21: =SUM(AS21,AQ21,AO21) -> 0 | AU21: =AT21 -> 0 | AV21: 0
B22: CABANG BOGOR | C22: ='Pencapaian Sales Value'!G94 -> 0.75324508 | F22: ='Pencapaian Effective Call'!G94 -> 0.61013986 | G22: ='Pencapaian New Open Outlet'!G94 -> 0.3 | H22: ='Pencapaian Active Outlet'!G94 -> 0.68924303 | N22: =AO94 -> 435000 | Q22: BDG-SLS-HRC-001 | R22: Gita Rosita | S22: AE | T22: ='Pencapaian Sales Value'!G22 -> 0.6407313 | U22: ='Pencapaian Sales Value'!I22 -> 0 | V22: ='Pencapaian Product Focus'!H22 -> 0 | W22: ='Pencapaian Product Focus'!L22 -> 0 | X22: ='Pencapaian Product Focus'!N22 -> 0 | Y22: ='Pencapaian Effective Call'!G22 -> 0 | Z22: ='Pencapaian Effective Call'!I22 -> 0 | AA22: ='Pencapaian New Open Outlet'!G22 -> 0.2 | AB22: ='Pencapaian New Open Outlet'!I22 -> 0 | AC22: ='Pencapaian Active Outlet'!G22 -> 0.4 | AD22: ='Pencapaian Active Outlet'!I22 -> 0 | AE22: ='Pencapaian Item per Outlet'!G22 -> 0 | AF22: ='Pencapaian Item per Outlet'!I22 -> 0 | AG22: ='Pencapaian Product Display'!G22 -> 0 | AH22: ='Pencapaian Product Display'!I22 -> 0 | AI22: ='Pencapaian Sales Contract'!G22 -> 0 | AJ22: ='Pencapaian Sales Contract'!I22 -> 0 | AK22: ='Pencapaian Co-Branding'!G22 -> 0 | AL22: ='Pencapaian Co-Branding'!I22 -> 0 | AM22: ='Pencapaian Join Event Activity'!G22 -> 0 | AN22: ='Pencapaian Join Event Activity'!I22 -> 0 | AO22: =SUM(AN22,AL22,AJ22,AH22,AF22,AD22,AB22,Z22,X22,U22) -> 0 | AP22: 0.0049192365 | AQ22: =IF(AP22>=0.5%,-(AO22*10%),0) -> 0 | AR22: 0 | AS22: =IF(AR22>0,-(AO22+AQ22),0) -> 0 | AT22: =SUM(AS22,AQ22,AO22) -> 0 | AU22: =AT22 -> 0 | AV22: 0
B23: TOTAL PENCAPAIAN AREA JAWA BARAT-3 | C23: ='Pencapaian Sales Value'!G95 -> 0.71673365 | F23: ='Pencapaian Effective Call'!G95 -> 0.69969743 | G23: ='Pencapaian New Open Outlet'!G95 -> 1.275 | H23: ='Pencapaian Active Outlet'!G95 -> 0.88888889 | N23: =SUM(N21:N22) -> 2083500 | Q23: BDG-SLS-HRC-002 | R23: Dina Apriani | S23: AE | T23: ='Pencapaian Sales Value'!G23 -> 0.87744112 | U23: ='Pencapaian Sales Value'!I23 -> 130000 | V23: ='Pencapaian Product Focus'!H23 -> 0 | W23: ='Pencapaian Product Focus'!L23 -> 0 | X23: ='Pencapaian Product Focus'!N23 -> 0 | Y23: ='Pencapaian Effective Call'!G23 -> 0 | Z23: ='Pencapaian Effective Call'!I23 -> 0 | AA23: ='Pencapaian New Open Outlet'!G23 -> 0.2 | AB23: ='Pencapaian New Open Outlet'!I23 -> 0 | AC23: ='Pencapaian Active Outlet'!G23 -> 0.90909091 | AD23: ='Pencapaian Active Outlet'!I23 -> 98000 | AE23: ='Pencapaian Item per Outlet'!G23 -> 0 | AF23: ='Pencapaian Item per Outlet'!I23 -> 0 | AG23: ='Pencapaian Product Display'!G23 -> 0 | AH23: ='Pencapaian Product Display'!I23 -> 0 | AI23: ='Pencapaian Sales Contract'!G23 -> 0 | AJ23: ='Pencapaian Sales Contract'!I23 -> 0 | AK23: ='Pencapaian Co-Branding'!G23 -> 0 | AL23: ='Pencapaian Co-Branding'!I23 -> 0 | AM23: ='Pencapaian Join Event Activity'!G23 -> 0 | AN23: ='Pencapaian Join Event Activity'!I23 -> 0 | AO23: =SUM(AN23,AL23,AJ23,AH23,AF23,AD23,AB23,Z23,X23,U23) -> 228000 | AP23: 0.029823281 | AQ23: =IF(AP23>=0.5%,-(AO23*10%),0) -> -22800 | AR23: 0 | AS23: =IF(AR23>0,-(AO23+AQ23),0) -> 0 | AT23: =SUM(AS23,AQ23,AO23) -> 205200 | AU23: =AT23 -> 205200 | AV23: 0
R24: USDEK RIYANTO | S24: SPV | T24: ='Pencapaian Sales Value'!G24 -> 0.74853023 | U24: ='Pencapaian Sales Value'!I24 -> 110000 | V24: ='Pencapaian Product Focus'!H24 -> 0 | W24: ='Pencapaian Product Focus'!L24 -> 0 | X24: ='Pencapaian Product Focus'!N24 -> 0 | Y24: ='Pencapaian Effective Call'!G24 -> 0 | Z24: ='Pencapaian Effective Call'!I24 -> 0 | AA24: ='Pencapaian New Open Outlet'!G24 -> 0.2 | AB24: ='Pencapaian New Open Outlet'!I24 -> 0 | AC24: ='Pencapaian Active Outlet'!G24 -> 0.69473684 | AD24: ='Pencapaian Active Outlet'!I24 -> 0 | AE24: ='Pencapaian Item per Outlet'!G24 -> 0 | AF24: ='Pencapaian Item per Outlet'!I24 -> 0 | AG24: ='Pencapaian Product Display'!G24 -> 0 | AH24: ='Pencapaian Product Display'!I24 -> 0 | AI24: ='Pencapaian Sales Contract'!G24 -> 0 | AJ24: ='Pencapaian Sales Contract'!I24 -> 0 | AK24: ='Pencapaian Co-Branding'!G24 -> 0 | AL24: ='Pencapaian Co-Branding'!I24 -> 0 | AM24: ='Pencapaian Join Event Activity'!G24 -> 1 | AN24: ='Pencapaian Join Event Activity'!I24 -> 50000 | AO24: =SUM(AN24,AL24,AJ24,AH24,AF24,AD24,AB24,Z24,X24,U24) -> 160000 | AP24: 0.018218764 | AQ24: =IF(AP24>=0.5%,-(AO24*10%),0) -> -16000 | AR24: 0 | AS24: =IF(AR24>0,-(AO24+AQ24),0) -> 0 | AT24: =SUM(AS24,AQ24,AO24) -> 144000 | AU24: =AT24 -> 144000 | AV24: 0
B25: PENCAPAIAN AREA JAWA TENGAH | Q25: BDG-SLS-MT-001 | R25: Dian Fitriani | S25: KAE | T25: ='Pencapaian Sales Value'!G25 -> 0.61852159 | U25: ='Pencapaian Sales Value'!I25 -> 0 | V25: ='Pencapaian Product Focus'!H25 -> 0.87777778 | W25: ='Pencapaian Product Focus'!L25 -> 0.73333333 | X25: ='Pencapaian Product Focus'!N25 -> 48500 | Y25: ='Pencapaian Effective Call'!G25 -> 0.78666667 | Z25: ='Pencapaian Effective Call'!I25 -> 16000 | AA25: ='Pencapaian New Open Outlet'!G25 -> 0.2 | AB25: ='Pencapaian New Open Outlet'!I25 -> 0 | AC25: ='Pencapaian Active Outlet'!G25 -> #DIV/0! | AD25: ='Pencapaian Active Outlet'!I25 -> 0 | AE25: ='Pencapaian Item per Outlet'!G25 -> 0.59166667 | AF25: ='Pencapaian Item per Outlet'!I25 -> 0 | AG25: ='Pencapaian Product Display'!G25 -> 0.86666667 | AH25: ='Pencapaian Product Display'!I25 -> 0 | AI25: ='Pencapaian Sales Contract'!G25 -> 0 | AJ25: ='Pencapaian Sales Contract'!I25 -> 0 | AK25: ='Pencapaian Co-Branding'!G25 -> 0 | AL25: ='Pencapaian Co-Branding'!I25 -> 0 | AM25: ='Pencapaian Join Event Activity'!G25 -> 0 | AN25: ='Pencapaian Join Event Activity'!I25 -> 0 | AO25: =SUM(AN25,AL25,AJ25,AH25,AF25,AD25,AB25,Z25,X25,U25) -> 64500 | AP25: 0.41022691 | AQ25: =IF(AP25>=0.5%,-(AO25*10%),0) -> -6450 | AR25: 0 | AS25: =IF(AR25>0,-(AO25+AQ25),0) -> 0 | AT25: =SUM(AS25,AQ25,AO25) -> 58050 | AU25: =AT25 -> 58050 | AV25: 0
B26: NAMA CABANG | C26: SALES VALUE | D26: PRODUCT FOCUS | F26: EFFECTIVE CALL | G26: NEW OPEN OUTLET | H26: ACTIVE OUTLET | I26: ITEM PER OUTLET | J26: PRODUCT DISPLAY | K26: SALES CONTRACT | L26: CO-BRANDING | M26: JOIN EVENT ACTIVITY | N26: TOTAL INSENTIF | Q26: BDG-SLS-MT-002 | R26: Dinda Dewi Maharani | S26: KAE | T26: ='Pencapaian Sales Value'!G26 -> 0.80266516 | U26: ='Pencapaian Sales Value'!I26 -> 162500 | V26: ='Pencapaian Product Focus'!H26 -> 0.4 | W26: ='Pencapaian Product Focus'!L26 -> 1 | X26: ='Pencapaian Product Focus'!N26 -> 65000 | Y26: ='Pencapaian Effective Call'!G26 -> 0.85454545 | Z26: ='Pencapaian Effective Call'!I26 -> 32500 | AA26: ='Pencapaian New Open Outlet'!G26 -> 0 | AB26: ='Pencapaian New Open Outlet'!I26 -> 0 | AC26: ='Pencapaian Active Outlet'!G26 -> #DIV/0! | AD26: ='Pencapaian Active Outlet'!I26 -> 0 | AE26: ='Pencapaian Item per Outlet'!G26 -> 0.56321839 | AF26: ='Pencapaian Item per Outlet'!I26 -> 0 | AG26: ='Pencapaian Product Display'!G26 -> 0.92 | AH26: ='Pencapaian Product Display'!I26 -> 0 | AI26: ='Pencapaian Sales Contract'!G26 -> 0 | AJ26: ='Pencapaian Sales Contract'!I26 -> 0 | AK26: ='Pencapaian Co-Branding'!G26 -> 0 | AL26: ='Pencapaian Co-Branding'!I26 -> 0 | AM26: ='Pencapaian Join Event Activity'!G26 -> 0 | AN26: ='Pencapaian Join Event Activity'!I26 -> 0 | AO26: =SUM(AN26,AL26,AJ26,AH26,AF26,AD26,AB26,Z26,X26,U26) -> 260000 | AP26: 0.26249418 | AQ26: =IF(AP26>=0.5%,-(AO26*10%),0) -> -26000 | AR26: 0.009128434 | AS26: =IF(AR26>0,-(AO26+AQ26),0) -> -234000 | AT26: =SUM(AS26,AQ26,AO26) -> 0 | AU26: =AT26 -> 0 | AV26: 0
D27: VOLUME | E27: RO | R27: CATUR ATOT RISTADIN | S27: SPV | T27: ='Pencapaian Sales Value'!G27 -> 0.70172623 | U27: ='Pencapaian Sales Value'!I27 -> 120000 | V27: ='Pencapaian Product Focus'!H27 -> 0.68666667 | W27: ='Pencapaian Product Focus'!L27 -> 0.84 | X27: ='Pencapaian Product Focus'!N27 -> 0 | Y27: ='Pencapaian Effective Call'!G27 -> 0.81538462 | Z27: ='Pencapaian Effective Call'!I27 -> 40000 | AA27: ='Pencapaian New Open Outlet'!G27 -> 0.1 | AB27: ='Pencapaian New Open Outlet'!I27 -> 0 | AC27: ='Pencapaian Active Outlet'!G27 -> #DIV/0! | AD27: ='Pencapaian Active Outlet'!I27 -> 0 | AE27: ='Pencapaian Item per Outlet'!G27 -> 0.57744253 | AF27: ='Pencapaian Item per Outlet'!I27 -> 0 | AG27: ='Pencapaian Product Display'!G27 -> 0.89090909 | AH27: ='Pencapaian Product Display'!I27 -> 40000 | AI27: ='Pencapaian Sales Contract'!G27 -> 0 | AJ27: ='Pencapaian Sales Contract'!I27 -> 0 | AK27: ='Pencapaian Co-Branding'!G27 -> 0 | AL27: ='Pencapaian Co-Branding'!I27 -> 0 | AM27: ='Pencapaian Join Event Activity'!G27 -> 0 | AN27: ='Pencapaian Join Event Activity'!I27 -> 0 | AO27: =SUM(AN27,AL27,AJ27,AH27,AF27,AD27,AB27,Z27,X27,U27) -> 200000 | AP27: 0.32255815 | AQ27: =IF(AP27>=0.5%,-(AO27*10%),0) -> -20000 | AR27: 0.0045580746 | AS27: =IF(AR27>0,-(AO27+AQ27),0) -> -180000 | AT27: =SUM(AS27,AQ27,AO27) -> 0 | AU27: =AT27 -> 0 | AV27: 0
B28: CABANG TEGAL | C28: ='Pencapaian Sales Value'!G109 -> 0.74106037 | D28: ='Pencapaian Product Focus'!H109 -> 0.98861111 | E28: ='Pencapaian Product Focus'!L109 -> 0.564 | F28: ='Pencapaian Effective Call'!G109 -> 0.84285714 | G28: ='Pencapaian New Open Outlet'!G109 -> 0.46153846 | H28: ='Pencapaian Active Outlet'!G109 -> 0.825 | N28: =AO109 -> 829500 | R28: TOTAL CABANG BANDUNG | T28: ='Pencapaian Sales Value'!G28 -> 0.88311921 | U28: ='Pencapaian Sales Value'!I28 -> 6174500 | V28: ='Pencapaian Product Focus'!H28 -> 0.92620649 | W28: ='Pencapaian Product Focus'!L28 -> 0.98741673 | X28: ='Pencapaian Product Focus'!N28 -> 2848000 | Y28: ='Pencapaian Effective Call'!G28 -> 0.93160483 | Z28: ='Pencapaian Effective Call'!I28 -> 1551000 | AA28: ='Pencapaian New Open Outlet'!G28 -> 0.27102804 | AB28: ='Pencapaian New Open Outlet'!I28 -> 150000 | AC28: ='Pencapaian Active Outlet'!G28 -> 0.94270668 | AD28: ='Pencapaian Active Outlet'!I28 -> 509000 | AE28: ='Pencapaian Item per Outlet'!G28 -> 0.79537525 | AF28: ='Pencapaian Item per Outlet'!I28 -> 1626000 | AG28: ='Pencapaian Product Display'!G28 -> 0.89090909 | AH28: ='Pencapaian Product Display'!I28 -> 40000 | AI28: ='Pencapaian Sales Contract'!G28 -> 0 | AJ28: ='Pencapaian Sales Contract'!I28 -> 0 | AK28: ='Pencapaian Co-Branding'!G28 -> 0 | AL28: ='Pencapaian Co-Branding'!I28 -> 0 | AM28: ='Pencapaian Join Event Activity'!G28 -> 1 | AN28: ='Pencapaian Join Event Activity'!I28 -> 50000 | AO28: =SUM(AN28,AL28,AJ28,AH28,AF28,AD28,AB28,Z28,X28,U28) -> 12948500 | AP28: 0.010519746 | AQ28: =SUM(AQ5:AQ27) -> -287750 | AR28: 9.6859241e-05 | AS28: =SUM(AS5:AS27) -> -1605000 | AT28: =SUM(AS28,AQ28,AO28) -> 11055750 | AU28: =SUM(AU5:AU27) -> 6865125 | AV28: =SUM(AV5:AV27) -> 4190625
B29: CABANG WANGON | C29: ='Pencapaian Sales Value'!G115 -> 0.75907664 | D29: ='Pencapaian Product Focus'!H115 -> 0.74888889 | E29: ='Pencapaian Product Focus'!L115 -> 0.68421053 | F29: ='Pencapaian Effective Call'!G115 -> 0.88468468 | G29: ='Pencapaian New Open Outlet'!G115 -> 0.40625 | H29: ='Pencapaian Active Outlet'!G115 -> 0.80508475 | N29: =AO115 -> 1033500 | P29: SUBANG | Q29: SBG-SLS-GT-001 | R29: Mansyur | S29: 3 Orang | T29: ='Pencapaian Sales Value'!G29 -> 1.0094697 | U29: ='Pencapaian Sales Value'!I29 -> 600000 | V29: ='Pencapaian Product Focus'!H29 -> 1.1028 | W29: ='Pencapaian Product Focus'!L29 -> 0.96428571 | X29: ='Pencapaian Product Focus'!N29 -> 240000 | Y29: ='Pencapaian Effective Call'!G29 -> 1.0875 | Z29: ='Pencapaian Effective Call'!I29 -> 180000 | AA29: ='Pencapaian New Open Outlet'!G29 -> 1.3333333 | AB29: ='Pencapaian New Open Outlet'!I29 -> 225000 | AC29: ='Pencapaian Active Outlet'!G29 -> 1.0584416 | AD29: ='Pencapaian Active Outlet'!I29 -> 0 | AE29: ='Pencapaian Item per Outlet'!G29 -> 0 | AF29: ='Pencapaian Item per Outlet'!I29 -> 0 | AG29: ='Pencapaian Product Display'!G29 -> 0 | AH29: ='Pencapaian Product Display'!I29 -> 0 | AI29: ='Pencapaian Sales Contract'!G29 -> 0 | AJ29: ='Pencapaian Sales Contract'!I29 -> 0 | AK29: ='Pencapaian Co-Branding'!G29 -> 0 | AL29: ='Pencapaian Co-Branding'!I29 -> 0 | AM29: ='Pencapaian Join Event Activity'!G29 -> 0 | AN29: ='Pencapaian Join Event Activity'!I29 -> 0 | AO29: =SUM(AN29,AL29,AJ29,AH29,AF29,AD29,AB29,Z29,X29,U29) -> 1245000 | AP29: 0 | AQ29: =IF(AP29>=0.5%,-(AO29*10%),0) -> 0 | AR29: 0 | AS29: =IF(AR29>0,-(AO29+AQ29),0) -> 0 | AT29: =SUM(AS29,AQ29,AO29) -> 1245000 | AU29: =AT29*55% -> 684750 | AV29: =AT29*45% -> 560250
B30: CABANG WONOSOBO - KEBUMEN | C30: ='Pencapaian Sales Value'!G128 -> 0.78995614 | D30: ='Pencapaian Product Focus'!H128 -> 1.091954 | E30: ='Pencapaian Product Focus'!L128 -> 0.54333333 | F30: ='Pencapaian Effective Call'!G133 -> 0.69444444 | G30: ='Pencapaian New Open Outlet'!G128 -> 0.275 | H30: ='Pencapaian Active Outlet'!G133 -> 0.80454545 | N30: =AO128 -> 1043250 | Q30: SBG-SLS-GT-002 | R30: Sujiarto | S30: 2 Orang | T30: ='Pencapaian Sales Value'!G30 -> 1.0317739 | U30: ='Pencapaian Sales Value'!I30 -> 450000 | V30: ='Pencapaian Product Focus'!H30 -> 1.0909091 | W30: ='Pencapaian Product Focus'!L30 -> 0.93333333 | X30: ='Pencapaian Product Focus'!N30 -> 157500 | Y30: ='Pencapaian Effective Call'!G30 -> 0.91466667 | Z30: ='Pencapaian Effective Call'!I30 -> 101250 | AA30: ='Pencapaian New Open Outlet'!G30 -> 2 | AB30: ='Pencapaian New Open Outlet'!I30 -> 168750 | AC30: ='Pencapaian Active Outlet'!G30 -> 1.009434 | AD30: ='Pencapaian Active Outlet'!I30 -> 0 | AE30: ='Pencapaian Item per Outlet'!G30 -> 0 | AF30: ='Pencapaian Item per Outlet'!I30 -> 0 | AG30: ='Pencapaian Product Display'!G30 -> 0 | AH30: ='Pencapaian Product Display'!I30 -> 0 | AI30: ='Pencapaian Sales Contract'!G30 -> 0 | AJ30: ='Pencapaian Sales Contract'!I30 -> 0 | AK30: ='Pencapaian Co-Branding'!G30 -> 0 | AL30: ='Pencapaian Co-Branding'!I30 -> 0 | AM30: ='Pencapaian Join Event Activity'!G30 -> 0 | AN30: ='Pencapaian Join Event Activity'!I30 -> 0 | AO30: =SUM(AN30,AL30,AJ30,AH30,AF30,AD30,AB30,Z30,X30,U30) -> 877500 | AP30: 0 | AQ30: =IF(AP30>=0.5%,-(AO30*10%),0) -> 0 | AR30: 0 | AS30: =IF(AR30>0,-(AO30+AQ30),0) -> 0 | AT30: =SUM(AS30,AQ30,AO30) -> 877500 | AU30: =AT30*70% -> 614250 | AV30: =AT30*30% -> 263250
B31: CABANG SEMARANG | C31: ='Pencapaian Sales Value'!G133 -> 0.32588611 | F31: ='Pencapaian Effective Call'!G133 -> 0.69444444 | G31: ='Pencapaian New Open Outlet'!G133 -> 0.69230769 | H31: ='Pencapaian Active Outlet'!G133 -> 0.80454545 | N31: =AO133 -> 468000 | R31: (Vacant) | T31: ='Pencapaian Sales Value'!G31 -> 0 | U31: ='Pencapaian Sales Value'!I31 -> 0 | V31: ='Pencapaian Product Focus'!H31 -> 0 | W31: ='Pencapaian Product Focus'!L31 -> 0 | X31: ='Pencapaian Product Focus'!N31 -> 0 | Y31: ='Pencapaian Effective Call'!G31 -> 0 | Z31: ='Pencapaian Effective Call'!I31 -> 0 | AA31: ='Pencapaian New Open Outlet'!G31 -> 0 | AB31: ='Pencapaian New Open Outlet'!I31 -> 0 | AC31: ='Pencapaian Active Outlet'!G31 -> #DIV/0! | AD31: ='Pencapaian Active Outlet'!I31 -> 0 | AE31: ='Pencapaian Item per Outlet'!G31 -> 0 | AF31: ='Pencapaian Item per Outlet'!I31 -> 0 | AG31: ='Pencapaian Product Display'!G31 -> 0 | AH31: ='Pencapaian Product Display'!I31 -> 0 | AI31: ='Pencapaian Sales Contract'!G31 -> 0 | AJ31: ='Pencapaian Sales Contract'!I31 -> 0 | AK31: ='Pencapaian Co-Branding'!G31 -> 0 | AL31: ='Pencapaian Co-Branding'!I31 -> 0 | AM31: ='Pencapaian Join Event Activity'!G31 -> 0 | AN31: ='Pencapaian Join Event Activity'!I31 -> 0 | AO31: =SUM(AN31,AL31,AJ31,AH31,AF31,AD31,AB31,Z31,X31,U31) -> 0 | AP31: 0 | AQ31: =IF(AP31>=0.5%,-(AO31*10%),0) -> 0 | AR31: 0 | AS31: =IF(AR31>0,-(AO31+AQ31),0) -> 0 | AT31: =SUM(AS31,AQ31,AO31) -> 0
B32: CABANG SOLO | C32: ='Pencapaian Sales Value'!G146 -> 0.25089459 | H32: ='Pencapaian Active Outlet'!G146 -> 0.421875 | N32: =AO146 -> 198000 | Q32: SBG-SLS-GT-003 | R32: Agus Geri Gustiana | S32: 2 Orang | T32: ='Pencapaian Sales Value'!G32 -> 0.85903128 | U32: ='Pencapaian Sales Value'!I32 -> 225000 | V32: ='Pencapaian Product Focus'!H32 -> 0.92 | W32: ='Pencapaian Product Focus'!L32 -> 1.02 | X32: ='Pencapaian Product Focus'!N32 -> 157500 | Y32: ='Pencapaian Effective Call'!G32 -> 0.67666667 | Z32: ='Pencapaian Effective Call'!I32 -> 0 | AA32: ='Pencapaian New Open Outlet'!G32 -> 1.2666667 | AB32: ='Pencapaian New Open Outlet'!I32 -> 168750 | AC32: ='Pencapaian Active Outlet'!G32 -> 1.18 | AD32: ='Pencapaian Active Outlet'!I32 -> 0 | AE32: ='Pencapaian Item per Outlet'!G32 -> 0 | AF32: ='Pencapaian Item per Outlet'!I32 -> 0 | AG32: ='Pencapaian Product Display'!G32 -> 0 | AH32: ='Pencapaian Product Display'!I32 -> 0 | AI32: ='Pencapaian Sales Contract'!G32 -> 0 | AJ32: ='Pencapaian Sales Contract'!I32 -> 0 | AK32: ='Pencapaian Co-Branding'!G32 -> 0 | AL32: ='Pencapaian Co-Branding'!I32 -> 0 | AM32: ='Pencapaian Join Event Activity'!G32 -> 0 | AN32: ='Pencapaian Join Event Activity'!I32 -> 0 | AO32: =SUM(AN32,AL32,AJ32,AH32,AF32,AD32,AB32,Z32,X32,U32) -> 551250 | AP32: 0 | AQ32: =IF(AP32>=0.5%,-(AO32*10%),0) -> 0 | AR32: 0 | AS32: =IF(AR32>0,-(AO32+AQ32),0) -> 0 | AT32: =SUM(AS32,AQ32,AO32) -> 551250 | AU32: =AT32*70% -> 385875 | AV32: =AT32*30% -> 165375
B33: TOTAL PENCAPAIAN AREA JAWA TENGAH | C33: ='Pencapaian Sales Value'!G147 -> 0.70096802 | D33: ='Pencapaian Product Focus'!H147 -> 0.98188202 | E33: ='Pencapaian Product Focus'!L147 -> 0.59760479 | F33: ='Pencapaian Effective Call'!G147 -> 0.80128617 | G33: ='Pencapaian New Open Outlet'!G147 -> 0.43548387 | H33: ='Pencapaian Active Outlet'!G147 -> 0.71034483 | N33: =SUM(N28:N32) -> 3572250 | R33: ANWAR SIDIK | S33: SPV | T33: ='Pencapaian Sales Value'!G33 -> 1.0046479 | U33: ='Pencapaian Sales Value'!I33 -> 480000 | V33: ='Pencapaian Product Focus'!H33 -> 1.0950658 | W33: ='Pencapaian Product Focus'!L33 -> 0.96428571 | X33: ='Pencapaian Product Focus'!N33 -> 204000 | Y33: ='Pencapaian Effective Call'!G33 -> 0.91255814 | Z33: ='Pencapaian Effective Call'!I33 -> 0 | AA33: ='Pencapaian New Open Outlet'!G33 -> 1.35 | AB33: ='Pencapaian New Open Outlet'!I33 -> 336000 | AC33: ='Pencapaian Active Outlet'!G33 -> 1.0622318 | AD33: ='Pencapaian Active Outlet'!I33 -> 240000 | AE33: ='Pencapaian Item per Outlet'!G33 -> 0 | AF33: ='Pencapaian Item per Outlet'!I33 -> 0 | AG33: ='Pencapaian Product Display'!G33 -> 0 | AH33: ='Pencapaian Product Display'!I33 -> 0 | AI33: ='Pencapaian Sales Contract'!G33 -> 0 | AJ33: ='Pencapaian Sales Contract'!I33 -> 0 | AK33: ='Pencapaian Co-Branding'!G33 -> 0 | AL33: ='Pencapaian Co-Branding'!I33 -> 0 | AM33: ='Pencapaian Join Event Activity'!G33 -> 0 | AN33: ='Pencapaian Join Event Activity'!I33 -> 0 | AO33: =SUM(AN33,AL33,AJ33,AH33,AF33,AD33,AB33,Z33,X33,U33) -> 1260000 | AP33: 0 | AQ33: =IF(AP33>=0.5%,-(AO33*10%),0) -> 0 | AR33: 0 | AS33: =IF(AR33>0,-(AO33+AQ33),0) -> 0 | AT33: =SUM(AS33,AQ33,AO33) -> 1260000 | AU33: =AT33 -> 1260000 | AV33: 0
R34: TOTAL CABANG SUBANG | T34: ='Pencapaian Sales Value'!G34 -> 1.0046479 | U34: ='Pencapaian Sales Value'!I34 -> 1755000 | V34: ='Pencapaian Product Focus'!H34 -> 1.0950658 | W34: ='Pencapaian Product Focus'!L34 -> 0.96428571 | X34: ='Pencapaian Product Focus'!N34 -> 759000 | Y34: ='Pencapaian Effective Call'!G34 -> 0.91255814 | Z34: ='Pencapaian Effective Call'!I34 -> 281250 | AA34: ='Pencapaian New Open Outlet'!G34 -> 1.35 | AB34: ='Pencapaian New Open Outlet'!I34 -> 898500 | AC34: ='Pencapaian Active Outlet'!G34 -> 1.0622318 | AD34: ='Pencapaian Active Outlet'!I34 -> 240000 | AE34: ='Pencapaian Item per Outlet'!G34 -> 0 | AF34: ='Pencapaian Item per Outlet'!I34 -> 0 | AG34: ='Pencapaian Product Display'!G34 -> 0 | AH34: ='Pencapaian Product Display'!I34 -> 0 | AI34: ='Pencapaian Sales Contract'!G34 -> 0 | AJ34: ='Pencapaian Sales Contract'!I34 -> 0 | AK34: ='Pencapaian Co-Branding'!G34 -> 0 | AL34: ='Pencapaian Co-Branding'!I34 -> 0 | AM34: ='Pencapaian Join Event Activity'!G34 -> 0 | AN34: ='Pencapaian Join Event Activity'!I34 -> 0 | AO34: =SUM(AN34,AL34,AJ34,AH34,AF34,AD34,AB34,Z34,X34,U34) -> 3933750 | AP34: 0 | AQ34: =SUM(AQ29:AQ33) -> 0 | AR34: 0 | AS34: =SUM(AS29:AS33) -> 0 | AT34: =SUM(AS34,AQ34,AO34) -> 3933750 | AU34: =SUM(AU29:AU33) -> 2944875 | AV34: =SUM(AV29:AV33) -> 988875
B35: PENCAPAIAN AREA JAWA TIMUR | P35: PURWAKARTA | Q35: PWK-SLS-GT-001 | R35: Dede Supriadi | S35: 3 Orang | T35: ='Pencapaian Sales Value'!G35 -> 0.96998172 | U35: ='Pencapaian Sales Value'!I35 -> 450000 | V35: ='Pencapaian Product Focus'!H35 -> 0 | W35: ='Pencapaian Product Focus'!L35 -> 0 | X35: ='Pencapaian Product Focus'!N35 -> 0 | Y35: ='Pencapaian Effective Call'!G35 -> 0.97666667 | Z35: ='Pencapaian Effective Call'!I35 -> 180000 | AA35: ='Pencapaian New Open Outlet'!G35 -> 0 | AB35: ='Pencapaian New Open Outlet'!I35 -> 0 | AC35: ='Pencapaian Active Outlet'!G35 -> 1.0666667 | AD35: ='Pencapaian Active Outlet'!I35 -> 120000 | AE35: ='Pencapaian Item per Outlet'!G35 -> 0 | AF35: ='Pencapaian Item per Outlet'!I35 -> 0 | AG35: ='Pencapaian Product Display'!G35 -> 0 | AH35: ='Pencapaian Product Display'!I35 -> 0 | AI35: ='Pencapaian Sales Contract'!G35 -> 0 | AJ35: ='Pencapaian Sales Contract'!I35 -> 0 | AK35: ='Pencapaian Co-Branding'!G35 -> 0 | AL35: ='Pencapaian Co-Branding'!I35 -> 0 | AM35: ='Pencapaian Join Event Activity'!G35 -> 0 | AN35: ='Pencapaian Join Event Activity'!I35 -> 0 | AO35: =SUM(AN35,AL35,AJ35,AH35,AF35,AD35,AB35,Z35,X35,U35) -> 750000 | AP35: 0 | AQ35: =IF(AP35>=0.5%,-(AO35*10%),0) -> 0 | AR35: 0 | AS35: =IF(AR35>0,-(AO35+AQ35),0) -> 0 | AT35: =SUM(AS35,AQ35,AO35) -> 750000 | AU35: =AT35*55% -> 412500 | AV35: =AT35*45% -> 337500
B36: NAMA CABANG | C36: SALES VALUE | D36: PRODUCT FOCUS | F36: EFFECTIVE CALL | G36: NEW OPEN OUTLET | H36: ACTIVE OUTLET | I36: ITEM PER OUTLET | J36: PRODUCT DISPLAY | K36: SALES CONTRACT | L36: CO-BRANDING | M36: JOIN EVENT ACTIVITY | N36: TOTAL INSENTIF | Q36: PWK-SLS-GT-002 | R36: Yayan Nurjaman | S36: 2 Orang | T36: ='Pencapaian Sales Value'!G36 -> 0.99833741 | U36: ='Pencapaian Sales Value'!I36 -> 337500 | V36: ='Pencapaian Product Focus'!H36 -> 0 | W36: ='Pencapaian Product Focus'!L36 -> 0 | X36: ='Pencapaian Product Focus'!N36 -> 0 | Y36: ='Pencapaian Effective Call'!G36 -> 1.0285714 | Z36: ='Pencapaian Effective Call'!I36 -> 180000 | AA36: ='Pencapaian New Open Outlet'!G36 -> 0.2 | AB36: ='Pencapaian New Open Outlet'!I36 -> 0 | AC36: ='Pencapaian Active Outlet'!G36 -> 1.1363636 | AD36: ='Pencapaian Active Outlet'!I36 -> 112500 | AE36: ='Pencapaian Item per Outlet'!G36 -> 0 | AF36: ='Pencapaian Item per Outlet'!I36 -> 0 | AG36: ='Pencapaian Product Display'!G36 -> 0 | AH36: ='Pencapaian Product Display'!I36 -> 0 | AI36: ='Pencapaian Sales Contract'!G36 -> 0 | AJ36: ='Pencapaian Sales Contract'!I36 -> 0 | AK36: ='Pencapaian Co-Branding'!G36 -> 0 | AL36: ='Pencapaian Co-Branding'!I36 -> 0 | AM36: ='Pencapaian Join Event Activity'!G36 -> 0 | AN36: ='Pencapaian Join Event Activity'!I36 -> 0 | AO36: =SUM(AN36,AL36,AJ36,AH36,AF36,AD36,AB36,Z36,X36,U36) -> 630000 | AP36: 0 | AQ36: =IF(AP36>=0.5%,-(AO36*10%),0) -> 0 | AR36: 0 | AS36: =IF(AR36>0,-(AO36+AQ36),0) -> 0 | AT36: =SUM(AS36,AQ36,AO36) -> 630000 | AU36: =AT36*70% -> 441000 | AV36: =AT36*30% -> 189000
D37: VOLUME | E37: RO | Q37: PWK-SLS-GT-003 | R37: Acep Hendra | S37: 2 Orang | T37: ='Pencapaian Sales Value'!G37 -> 0.80220533 | U37: ='Pencapaian Sales Value'!I37 -> 225000 | V37: ='Pencapaian Product Focus'!H37 -> 0 | W37: ='Pencapaian Product Focus'!L37 -> 0 | X37: ='Pencapaian Product Focus'!N37 -> 0 | Y37: ='Pencapaian Effective Call'!G37 -> 0.70384615 | Z37: ='Pencapaian Effective Call'!I37 -> 45000 | AA37: ='Pencapaian New Open Outlet'!G37 -> 0.2 | AB37: ='Pencapaian New Open Outlet'!I37 -> 0 | AC37: ='Pencapaian Active Outlet'!G37 -> 1.1111111 | AD37: ='Pencapaian Active Outlet'!I37 -> 112500 | AE37: ='Pencapaian Item per Outlet'!G37 -> 0 | AF37: ='Pencapaian Item per Outlet'!I37 -> 0 | AG37: ='Pencapaian Product Display'!G37 -> 0 | AH37: ='Pencapaian Product Display'!I37 -> 0 | AI37: ='Pencapaian Sales Contract'!G37 -> 0 | AJ37: ='Pencapaian Sales Contract'!I37 -> 0 | AK37: ='Pencapaian Co-Branding'!G37 -> 0 | AL37: ='Pencapaian Co-Branding'!I37 -> 0 | AM37: ='Pencapaian Join Event Activity'!G37 -> 0 | AN37: ='Pencapaian Join Event Activity'!I37 -> 0 | AO37: =SUM(AN37,AL37,AJ37,AH37,AF37,AD37,AB37,Z37,X37,U37) -> 382500 | AP37: 0 | AQ37: =IF(AP37>=0.5%,-(AO37*10%),0) -> 0 | AR37: 0 | AS37: =IF(AR37>0,-(AO37+AQ37),0) -> 0 | AT37: =SUM(AS37,AQ37,AO37) -> 382500 | AU37: =AT37*70% -> 267750 | AV37: =AT37*30% -> 114750
B38: CABANG BANYUWANGI | C38: ='Pencapaian Sales Value'!G165 -> 0.99046015 | H38: ='Pencapaian Active Outlet'!G165 -> 1.1282051 | N38: =AO165 -> 2969000 | R38: ENDANG KUSBINI | S38: SPV | T38: ='Pencapaian Sales Value'!G38 -> 0.95821433 | U38: ='Pencapaian Sales Value'!I38 -> 336000 | V38: ='Pencapaian Product Focus'!H38 -> 0 | W38: ='Pencapaian Product Focus'!L38 -> 0 | X38: ='Pencapaian Product Focus'!N38 -> 0 | Y38: ='Pencapaian Effective Call'!G38 -> 0.91868132 | Z38: ='Pencapaian Effective Call'!I38 -> 168000 | AA38: ='Pencapaian New Open Outlet'!G38 -> 0.14285714 | AB38: ='Pencapaian New Open Outlet'!I38 -> 0 | AC38: ='Pencapaian Active Outlet'!G38 -> 1.104918 | AD38: ='Pencapaian Active Outlet'!I38 -> 336000 | AE38: ='Pencapaian Item per Outlet'!G38 -> 0 | AF38: ='Pencapaian Item per Outlet'!I38 -> 0 | AG38: ='Pencapaian Product Display'!G38 -> 0 | AH38: ='Pencapaian Product Display'!I38 -> 0 | AI38: ='Pencapaian Sales Contract'!G38 -> 0 | AJ38: ='Pencapaian Sales Contract'!I38 -> 0 | AK38: ='Pencapaian Co-Branding'!G38 -> 0 | AL38: ='Pencapaian Co-Branding'!I38 -> 0 | AM38: ='Pencapaian Join Event Activity'!G38 -> 0 | AN38: ='Pencapaian Join Event Activity'!I38 -> 0 | AO38: =SUM(AN38,AL38,AJ38,AH38,AF38,AD38,AB38,Z38,X38,U38) -> 840000 | AP38: 0 | AQ38: =IF(AP38>=0.5%,-(AO38*10%),0) -> 0 | AR38: 0 | AS38: =IF(AR38>0,-(AO38+AQ38),0) -> 0 | AT38: =SUM(AS38,AQ38,AO38) -> 840000 | AU38: =AT38 -> 840000 | AV38: 0
B39: CABANG JEMBER - SITUBONDO | C39: ='Pencapaian Sales Value'!G181 -> 0.71644363 | H39: ='Pencapaian Active Outlet'!G181 -> 0.4 | N39: =AO181 -> 450000 | R39: TOTAL CABANG PURWAKARTA | T39: ='Pencapaian Sales Value'!G39 -> 0.95821433 | U39: ='Pencapaian Sales Value'!I39 -> 1348500 | V39: ='Pencapaian Product Focus'!H39 -> 0 | W39: ='Pencapaian Product Focus'!L39 -> 0 | X39: ='Pencapaian Product Focus'!N39 -> 0 | Y39: ='Pencapaian Effective Call'!G39 -> 0.91868132 | Z39: ='Pencapaian Effective Call'!I39 -> 573000 | AA39: ='Pencapaian New Open Outlet'!G39 -> 0.14285714 | AB39: ='Pencapaian New Open Outlet'!I39 -> 0 | AC39: ='Pencapaian Active Outlet'!G39 -> 1.104918 | AD39: ='Pencapaian Active Outlet'!I39 -> 681000 | AE39: ='Pencapaian Item per Outlet'!G39 -> 0 | AF39: ='Pencapaian Item per Outlet'!I39 -> 0 | AG39: ='Pencapaian Product Display'!G39 -> 0 | AH39: ='Pencapaian Product Display'!I39 -> 0 | AI39: ='Pencapaian Sales Contract'!G39 -> 0 | AJ39: ='Pencapaian Sales Contract'!I39 -> 0 | AK39: ='Pencapaian Co-Branding'!G39 -> 0 | AL39: ='Pencapaian Co-Branding'!I39 -> 0 | AM39: ='Pencapaian Join Event Activity'!G39 -> 0 | AN39: ='Pencapaian Join Event Activity'!I39 -> 0 | AO39: =SUM(AN39,AL39,AJ39,AH39,AF39,AD39,AB39,Z39,X39,U39) -> 2602500 | AP39: 0 | AQ39: =SUM(AQ35:AQ38) -> 0 | AR39: 0 | AS39: =SUM(AS35:AS38) -> 0 | AT39: =SUM(AS39,AQ39,AO39) -> 2602500 | AU39: =SUM(AU35:AU38) -> 1961250 | AV39: =SUM(AV35:AV38) -> 641250
B40: CABANG PROBOLINGGO - PASURUAN | C40: ='Pencapaian Sales Value'!G199 -> 0.76989445 | H40: ='Pencapaian Active Outlet'!G199 -> 0.66352941 | N40: =AO199 -> 1173000 | R40: TOTAL AREA JAWA BARAT-1 | T40: ='Pencapaian Sales Value'!G40 -> 0.89525819 | U40: ='Pencapaian Sales Value'!I40 -> 9278000 | V40: ='Pencapaian Product Focus'!H40 -> 0.93931294 | W40: ='Pencapaian Product Focus'!L40 -> 0.98344574 | X40: ='Pencapaian Product Focus'!N40 -> 3607000 | Y40: ='Pencapaian Effective Call'!G40 -> 0.92789788 | Z40: ='Pencapaian Effective Call'!I40 -> 2405250 | AA40: ='Pencapaian New Open Outlet'!G40 -> 0.37654321 | AB40: ='Pencapaian New Open Outlet'!I40 -> 1048500 | AC40: ='Pencapaian Active Outlet'!G40 -> 0.98463256 | AD40: ='Pencapaian Active Outlet'!I40 -> 1430000 | AE40: ='Pencapaian Item per Outlet'!G40 -> 0.79537525 | AF40: ='Pencapaian Item per Outlet'!I40 -> 1626000 | AG40: ='Pencapaian Product Display'!G40 -> 0.89090909 | AH40: ='Pencapaian Product Display'!I40 -> 40000 | AI40: ='Pencapaian Sales Contract'!G40 -> 0 | AJ40: ='Pencapaian Sales Contract'!I40 -> 0 | AK40: ='Pencapaian Co-Branding'!G40 -> 0 | AL40: ='Pencapaian Co-Branding'!I40 -> 0 | AM40: ='Pencapaian Join Event Activity'!G40 -> 1 | AN40: ='Pencapaian Join Event Activity'!I40 -> 50000 | AO40: =SUM(AN40,AL40,AJ40,AH40,AF40,AD40,AB40,Z40,X40,U40) -> 19484750 | AP40: 0.0091240407 | AQ40: =SUM(AQ39,AQ34,AQ28) -> -287750 | AR40: 8.4008463e-05 | AS40: =SUM(AS39,AS34,AS28) -> -1605000 | AT40: =SUM(AS40,AQ40,AO40) -> 17592000 | AU40: =SUM(AU39,AU34,AU28) -> 11771250 | AV40: =SUM(AV39,AV34,AV28) -> 5820750
B41: CABANG MALANG UTARA - MALANG SELATAN | C41: ='Pencapaian Sales Value'!G215 -> 0.4777687 | H41: ='Pencapaian Active Outlet'!G215 -> 0.3037037 | N41: =AO215 -> 390000 | P41: Pencairan ASM | Q41: skema All Prod & VALUE | AP41: *AR MT tetap muncul, tapi di sheet 'Pencairan' dikeluarkan dari pengurang insentif
B42: CABANG BANGKALAN | C42: ='Pencapaian Sales Value'!G220 -> 0.24207575 | H42: ='Pencapaian Active Outlet'!G220 -> 0.29333333 | N42: =AO220 -> 0
B43: CABANG SUMENEP | C43: ='Pencapaian Sales Value'!G225 -> -0.00101475 | H43: ='Pencapaian Active Outlet'!G225 -> 0.013333333 | N43: =AO225 -> 0
B44: CABANG MOJOKERTO - KEDIRI | C44: ='Pencapaian Sales Value'!G242 -> 0.40937879 | H44: ='Pencapaian Active Outlet'!G242 -> 0.30847458 | N44: =AO242 -> 180000
B45: CABANG TULUNGAGUNG | C45: ='Pencapaian Sales Value'!G249 -> 0.24224722 | H45: ='Pencapaian Active Outlet'!G249 -> 0.044444444 | N45: =AO249 -> 60000
B46: CABANG SIDOARJO | C46: ='Pencapaian Sales Value'!G258 -> 0.53519257 | H46: ='Pencapaian Active Outlet'!G258 -> 0.47027027 | N46: =AO258 -> 0
B47: CABANG SURABAYA PUSAT - SURABAYA BARAT | C47: ='Pencapaian Sales Value'!G274 -> 0.58794208 | H47: ='Pencapaian Active Outlet'!G274 -> 0.18461538 | N47: =AO274 -> 180000
B48: CABANG BLITAR | C48: ='Pencapaian Sales Value'!G280 -> 0.29983033 | H48: ='Pencapaian Active Outlet'!G280 -> 0.3 | N48: =AO280 -> 0 | P48: NAMA CABANG | Q48: ID | R48: SALESMAN | S48: TYPE SALES | T48: SALES VALUE | V48: PRODUCT FOCUS | Y48: EFFECTIVE CALL | AA48: NEW OPEN OUTLET | AC48: ACTIVE OUTLET | AE48: ITEM PER OUTLET | AG48: PRODUCT DISPLAY | AI48: SALES CONTRACT | AK48: CO-BRANDING | AM48: JOIN EVENT ACTIVITY | AO48: TOTAL | AP48: AR PERFORM | AT48: TOTAL INSENTIF DITERIMA | AU48: SALESMAN | AV48: DRIVER / HELPER
B49: CABANG BOJONEGORO | C49: ='Pencapaian Sales Value'!G288 -> 0.046463533 | H49: ='Pencapaian Active Outlet'!G288 -> 0.066765579 | N49: =AO288 -> 0 | T49: PENCAPAIAN | U49: INSENTIF | V49: VOLUME | W49: RO | X49: INSENTIF | Y49: PENCAPAIAN | Z49: INSENTIF | AA49: PENCAPAIAN | AB49: INSENTIF | AC49: PENCAPAIAN | AD49: INSENTIF | AE49: PENCAPAIAN | AF49: INSENTIF | AG49: PENCAPAIAN | AH49: INSENTIF | AI49: PENCAPAIAN | AJ49: INSENTIF | AK49: PENCAPAIAN | AL49: INSENTIF | AM49: PENCAPAIAN | AN49: INSENTIF | AP49: OVERDUE | AQ49: PENGURANG INSENTIF | AR49: BAD DEBT | AS49: PENGURANG INSENTIF
B50: CABANG TUBAN | C50: ='Pencapaian Sales Value'!G292 -> #DIV/0! | H50: ='Pencapaian Active Outlet'!G292 -> #DIV/0! | N50: =AO292 -> 0 | P50: GARUT | R50: (Vacant) | T50: ='Pencapaian Sales Value'!G50 -> 0 | U50: ='Pencapaian Sales Value'!I50 -> 0 | V50: ='Pencapaian Product Focus'!H50 -> 0 | W50: ='Pencapaian Product Focus'!L50 -> 0 | X50: ='Pencapaian Product Focus'!N50 -> 0 | Y50: ='Pencapaian Effective Call'!G50 -> 0 | Z50: ='Pencapaian Effective Call'!I50 -> 0 | AA50: ='Pencapaian New Open Outlet'!G50 -> 0 | AB50: ='Pencapaian New Open Outlet'!I50 -> 0 | AC50: ='Pencapaian Active Outlet'!G50 -> 0 | AD50: ='Pencapaian Active Outlet'!I50 -> 0 | AE50: ='Pencapaian Item per Outlet'!G50 -> 0 | AF50: ='Pencapaian Item per Outlet'!I50 -> 0 | AG50: ='Pencapaian Product Display'!G50 -> 0 | AH50: ='Pencapaian Product Display'!I50 -> 0 | AI50: ='Pencapaian Sales Contract'!G50 -> 0 | AJ50: ='Pencapaian Sales Contract'!I50 -> 0 | AK50: ='Pencapaian Co-Branding'!G50 -> 0 | AL50: ='Pencapaian Co-Branding'!I50 -> 0 | AM50: ='Pencapaian Join Event Activity'!G50 -> 0 | AN50: ='Pencapaian Join Event Activity'!I50 -> 0 | AO50: =SUM(AN50,AL50,AJ50,AH50,AF50,AD50,AB50,Z50,X50,U50) -> 0 | AP50: 0 | AQ50: =IF(AP50>=0.5%,-(AO50*10%),0) -> 0 | AR50: 0 | AS50: =IF(AR50>0,-(AO50+AQ50),0) -> 0 | AT50: =SUM(AS50,AQ50,AO50) -> 0
B51: CABANG GRESIK | C51: ='Pencapaian Sales Value'!G299 -> 0.14021129 | H51: ='Pencapaian Active Outlet'!G299 -> 0.041666667 | N51: =AO299 -> 90000 | Q51: GRT-SLS-GT-001 | R51: Sona Sukmayasa | S51: 2 Orang | T51: ='Pencapaian Sales Value'!G51 -> 0.85832202 | U51: ='Pencapaian Sales Value'!I51 -> 225000 | V51: ='Pencapaian Product Focus'!H51 -> 0.6 | W51: ='Pencapaian Product Focus'!L51 -> 0.64 | X51: ='Pencapaian Product Focus'!N51 -> 0 | Y51: ='Pencapaian Effective Call'!G51 -> 0.94588235 | Z51: ='Pencapaian Effective Call'!I51 -> 101250 | AA51: ='Pencapaian New Open Outlet'!G51 -> 0.18181818 | AB51: ='Pencapaian New Open Outlet'!I51 -> 0 | AC51: ='Pencapaian Active Outlet'!G51 -> 1.0207337 | AD51: ='Pencapaian Active Outlet'!I51 -> 0 | AE51: ='Pencapaian Item per Outlet'!G51 -> 0.45766871 | AF51: ='Pencapaian Item per Outlet'!I51 -> 0 | AG51: ='Pencapaian Product Display'!G51 -> 0 | AH51: ='Pencapaian Product Display'!I51 -> 0 | AI51: ='Pencapaian Sales Contract'!G51 -> 0 | AJ51: ='Pencapaian Sales Contract'!I51 -> 0 | AK51: ='Pencapaian Co-Branding'!G51 -> 0 | AL51: ='Pencapaian Co-Branding'!I51 -> 0 | AM51: ='Pencapaian Join Event Activity'!G51 -> 0 | AN51: ='Pencapaian Join Event Activity'!I51 -> 0 | AO51: =SUM(AN51,AL51,AJ51,AH51,AF51,AD51,AB51,Z51,X51,U51) -> 326250 | AP51: 0 | AQ51: =IF(AP51>=0.5%,-(AO51*10%),0) -> 0 | AR51: 0 | AS51: =IF(AR51>0,-(AO51+AQ51),0) -> 0 | AT51: =SUM(AS51,AQ51,AO51) -> 326250 | AU51: =AT51*70% -> 228375 | AV51: =AT51*30% -> 97875
B52: CABANG MADIUN | C52: ='Pencapaian Sales Value'!G307 -> 0.060630429 | H52: ='Pencapaian Active Outlet'!G307 -> 0.032 | N52: =AO307 -> 0 | Q52: GRT-SLS-GT-002 | R52: Sukmadin | S52: 2 Orang | T52: ='Pencapaian Sales Value'!G52 -> 0.79612219 | U52: ='Pencapaian Sales Value'!I52 -> 112500 | V52: ='Pencapaian Product Focus'!H52 -> 0.53958333 | W52: ='Pencapaian Product Focus'!L52 -> 0.71428571 | X52: ='Pencapaian Product Focus'!N52 -> 22500 | Y52: ='Pencapaian Effective Call'!G52 -> 0.98 | Z52: ='Pencapaian Effective Call'!I52 -> 101250 | AA52: ='Pencapaian New Open Outlet'!G52 -> 0.10810811 | AB52: ='Pencapaian New Open Outlet'!I52 -> 0 | AC52: ='Pencapaian Active Outlet'!G52 -> 1.0590894 | AD52: ='Pencapaian Active Outlet'!I52 -> 0 | AE52: ='Pencapaian Item per Outlet'!G52 -> 0.60481928 | AF52: ='Pencapaian Item per Outlet'!I52 -> 0 | AG52: ='Pencapaian Product Display'!G52 -> 0 | AH52: ='Pencapaian Product Display'!I52 -> 0 | AI52: ='Pencapaian Sales Contract'!G52 -> 0 | AJ52: ='Pencapaian Sales Contract'!I52 -> 0 | AK52: ='Pencapaian Co-Branding'!G52 -> 0 | AL52: ='Pencapaian Co-Branding'!I52 -> 0 | AM52: ='Pencapaian Join Event Activity'!G52 -> 0 | AN52: ='Pencapaian Join Event Activity'!I52 -> 0 | AO52: =SUM(AN52,AL52,AJ52,AH52,AF52,AD52,AB52,Z52,X52,U52) -> 236250 | AP52: 0 | AQ52: =IF(AP52>=0.5%,-(AO52*10%),0) -> 0 | AR52: 0 | AS52: =IF(AR52>0,-(AO52+AQ52),0) -> 0 | AT52: =SUM(AS52,AQ52,AO52) -> 236250 | AU52: =AT52*70% -> 165375 | AV52: =AT52*30% -> 70875
